Title,Country,Genre,Release Date
Spice Up Our Love,South Korea,Comedy,10/3/2024
Love in the Desert,China,Drama,9/29/2024
Iron Family,South Korea,Family,9/28/2024
What Comes After Love,South Korea,Drama,9/27/2024
Dual Love,China,Drama,9/27/2024
The Princess,China,Drama,9/26/2024
The Limbo,China,Drama,9/26/2024
A Talented Girl Grows Up,China,Drama,9/24/2024
Hero Is Back,China,Drama,9/23/2024
Dear Hyeri,South Korea,Drama,9/23/2024
You Are My Lover Friend,China,Drama,9/23/2024
Echo of Her Voice,China,Drama,9/22/2024
Fate of Beauty,China,Drama,9/22/2024
The Judge from Hell,South Korea,Sci-Fi & Fantasy,9/21/2024
Fall in Love with a Fox,China,Drama,9/20/2024
Please Remember Me,China,Drama,9/19/2024
In Between,China,Drama,9/19/2024
Dark Night and Dawn,China,Drama,9/18/2024
Culinary Class Wars,South Korea,Reality,9/17/2024
Be Your Knight,China,Drama,9/14/2024
Love of Nirvana,China,Drama,9/14/2024
The Time of Fever,South Korea,Drama,9/12/2024
Seoul Busters,South Korea,Comedy,9/11/2024
No One But You,China,Drama,9/10/2024
Wind Direction,China,Drama,9/9/2024
Fragile,South Korea,Drama,9/9/2024
The First Shot,China,Mystery,9/3/2024
Their Wonderful Time,China,Drama,9/3/2024
Born to be the One,China,Drama,8/31/2024
Original Sin,China,Crime,8/30/2024
Fateful Love,China,Drama,8/30/2024
A-List to Playlist,South Korea,Reality,8/30/2024
Fairy Charge Forward,China,Drama,8/29/2024
Debit Queen,China,Drama,8/29/2024
Unspeakable Longing,China,Drama,8/29/2024
Queen Woo,South Korea,Action & Adventure,8/29/2024
We All Lie,China,Drama,8/29/2024
No Gain No Love,South Korea,Comedy,8/26/2024
Adventure Behind the Bronze Door,China,Action & Adventure,8/26/2024
Melody of Golden Age,China,Drama,8/26/2024
Cinderella at 2AM,South Korea,Drama,8/24/2024
The Frog,South Korea,Mystery,8/23/2024
Go East,China,Drama,8/23/2024
Romantic Boyfriend,China,Drama,8/22/2024
Pop Star Academy: KATSEYE,South Korea,Documentary,8/21/2024
Terror Tuesday: Extreme,Thailand,Drama,8/20/2024
Dawn is Breaking,China,Drama,8/20/2024
Love & Bid Farewell,China,Drama,8/18/2024
Love Next Door,South Korea,Drama,8/17/2024
DNA Lover,South Korea,Comedy,8/17/2024
The Whole Truth,China,Mystery,8/17/2024
Black Out,South Korea,Mystery,8/16/2024
Escape from the Trilateral Slopes,China,Drama,8/16/2024
Hard Noble Lady,China,Drama,8/15/2024
The Tyrant,South Korea,Action & Adventure,8/14/2024
For the Young Ones,China,Drama,8/14/2024
Strange Tales of Jiang Cheng,China,Drama,8/13/2024
Your Honor,South Korea,Crime,8/12/2024
Are You The One,China,Action & Adventure,8/12/2024
Perfect Family,South Korea,Family,8/12/2024
In the Wake of Shadow,China,Drama,8/10/2024
Romance in the House,South Korea,Family,8/10/2024
The Resilient Dr. Ling,China,Drama,8/8/2024
Are You Sure?!,South Korea,Reality,8/8/2024
Love Andante,South Korea,Sci-Fi & Fantasy,8/7/2024
The Influencer,South Korea,Reality,8/6/2024
Embrace in the Dark Night,China,Drama,8/6/2024
Blue Canvas of Youthful Days,China,Drama,8/6/2024
A Lonely Hero's Journey,China,Mystery,8/6/2024
The Lady Commander,China,Drama,8/4/2024
Bad Memory Eraser,South Korea,Drama,8/2/2024
No Way Out: The Roulette,South Korea,Crime,7/31/2024
Love's Rebellion,China,Drama,7/31/2024
The Fragments of Kylin,China,Drama,7/31/2024
The Unexpected Marriage,China,Drama,7/31/2024
As Husband As Wife,China,Drama,7/31/2024
You Are My Secret,China,Drama,7/31/2024
From God to Husband,China,Drama,7/31/2024
An Empty Dream,China,Drama,7/30/2024
Snowfall,China,Drama,7/29/2024
Diary of Miss Zhao,China,Drama,7/28/2024
Go! Beach Volleyball Girls,China,Drama,7/27/2024
First Marriage,China,Drama,7/25/2024
"Lost You, Found You",China,Drama,7/22/2024
Serendipity's Embrace,South Korea,Drama,7/22/2024
Another Soul in Me,China,Comedy,7/19/2024
Dashing Youth,China,Fantasy,7/19/2024
Master of the House,Thailand,Drama,7/18/2024
Her Disguise,China,Drama,7/13/2024
Good Partner,South Korea,Drama,7/12/2024
Real Killing,China,Mystery,7/11/2024
Interlaced Scenes,China,Crime,7/11/2024
Love in a Dream,China,Drama,7/9/2024
The Auditors,South Korea,Crime,7/6/2024
Her Fantastic Adventures,China,Action & Adventure,7/6/2024
LOL: Last One Laughing Thailand,Thailand,Comedy,7/4/2024
The Vanished Elephant,China,Drama,7/4/2024
Red Swan,South Korea,Drama,7/3/2024
Pavilion Secrets,China,Drama,7/3/2024
As Beautiful As You,China,Drama,7/2/2024
Lost Identity,China,Mystery,6/29/2024
Love's Little Delicacies,China,Drama,6/29/2024
The Whirlwind,South Korea,Drama,6/28/2024
Ã’lÃ²tÅ«rÃ©: The Journey,China,Drama,6/28/2024
Treasures Around,China,History,6/28/2024
Crush,China,Drama,6/27/2024
The Princess Royal,China,Drama,6/26/2024
Limited 72 Hours Of Love,China,Drama,6/25/2024
The Cloud Embracing the Moon,China,Drama,6/24/2024
My Name Is Gabriel,South Korea,Reality,6/21/2024
Follow Your Heart,China,Mystery,6/21/2024
My Sassy Wife,China,Drama,6/21/2024
Blade's Dance with You,China,Drama,6/20/2024
Agents of Mystery,South Korea,Reality,6/18/2024
The Legend of Heroes,China,Action & Adventure,6/17/2024
Flame Bride,China,Drama,6/17/2024
Miss Night and Day,South Korea,Sci-Fi & Fantasy,6/15/2024
Jade's Fateful Love,China,Drama,6/15/2024
Doctor Climax,Thailand,Drama,6/13/2024
Enslaved By Love,China,Drama,6/13/2024
My Sweet Mobster,South Korea,Drama,6/12/2024
The Irresistible Boyfriend,China,Drama,6/12/2024
Phoenix Lands in the World,China,Action & Adventure,6/11/2024
The Tale of Rose,China,Drama,6/8/2024
Forbidden Love Between,China,Drama,6/7/2024
Hierarchy,South Korea,Drama,6/7/2024
Lost in the Shadows,China,Drama,6/6/2024
Blossoms of Deception,China,Drama,6/2/2024
The Double,China,Drama,6/2/2024
Liars in Love,China,Drama,5/31/2024
Dreaming of a Freaking Fairy Tale,South Korea,Comedy,5/31/2024
My Wifeâ€™s Double Life,China,Drama,5/31/2024
High School Return of a Gangster,South Korea,Sci-Fi & Fantasy,5/29/2024
Sugar Master,China,Drama,5/28/2024
Love in the Tea Garden,China,Comedy,5/28/2024
Your Trap,China,Drama,5/27/2024
General Well,China,Drama,5/25/2024
Special Tasks,China,Drama,5/25/2024
Bitter Sweet Hell,South Korea,Comedy,5/24/2024
Connection,South Korea,Drama,5/24/2024
The Journey to Find True Love,China,Drama,5/23/2024
Fox Spirit Matchmaker: Red-Moon Pact,China,Drama,5/23/2024
Concordia,France,Sci-Fi & Fantasy,5/23/2024
Present Is Present,China,Drama,5/21/2024
Insect Detective 2,China,Drama,5/21/2024
Save it for the Honeymoon,China,Drama,5/21/2024
Practice Daughter,China,Drama,5/20/2024
OMG! Vampire,Thailand,Drama,5/19/2024
A Beauty's Plan,China,Drama,5/18/2024
The 8 Show,South Korea,Drama,5/17/2024
Blossom Campus,South Korea,Drama,5/16/2024
The Strange Princess,China,Sci-Fi & Fantasy,5/16/2024
Uncle Samsik,South Korea,Drama,5/15/2024
Perfect Her,China,Drama,5/14/2024
Orange Soda,China,Drama,5/13/2024
Dare to Love Me,South Korea,Comedy,5/13/2024
Crash,South Korea,Crime,5/13/2024
The Midnight Romance in Hagwon,South Korea,Drama,5/11/2024
Heroes,China,Drama,5/8/2024
Tell No One,China,Mystery,5/8/2024
The Imposter,China,Drama,5/8/2024
Lovesickness,China,Drama,5/8/2024
Reblooming Blue,China,Drama,5/8/2024
Moment of Silence,China,Drama,5/7/2024
To the Wonder,China,Drama,5/7/2024
Super Rich in Korea,South Korea,Reality,5/7/2024
What If,China,Drama,5/6/2024
Regeneration,China,Drama,5/6/2024
The Atypical Family,South Korea,Sci-Fi & Fantasy,5/4/2024
Men In love,China,Comedy,5/3/2024
Rise From the Ashes,China,Drama,5/2/2024
Frankly Speaking,South Korea,Comedy,5/1/2024
Secret Ingredient,South Korea,Comedy,4/30/2024
Our Memories,China,Drama,4/30/2024
BEGINS YOUTH,South Korea,Drama,4/30/2024
Young Babylon,China,Drama,4/29/2024
Level 9 Chairman,South Korea,Drama,4/29/2024
Tender Light,China,Drama,4/27/2024
The Revenge of Begonia,China,Drama,4/26/2024
Goodbye Earth,South Korea,Drama,4/26/2024
Lady Revenger Returns From the Fire,China,Drama,4/26/2024
The Substitute Princess's Love,China,Drama,4/26/2024
Boys Be Brave,South Korea,Drama,4/25/2024
Flower in the Mirror,China,Drama,4/24/2024
Walk with You,China,Drama,4/23/2024
Will Love In Spring,China,Drama,4/22/2024
My Divine Emissary,China,Drama,4/22/2024
In the Name of the Brother,China,Mystery,4/21/2024
Chief Detective 1958,South Korea,Drama,4/19/2024
Peacock in Wonderland,China,Sci-Fi & Fantasy,4/18/2024
Running Like A Shooting Star,China,Drama,4/17/2024
Dr. Spring,China,Drama,4/15/2024
The Sympathizer,Canada,Drama,4/14/2024
Missing Crown Prince,South Korea,Comedy,4/13/2024
False Face and True Feelings,China,Drama,4/12/2024
Under the Gun,South Korea,Drama,4/12/2024
Gray Shelter,South Korea,Drama,4/11/2024
Blood Free,South Korea,Drama,4/10/2024
Best Choice Ever,China,Drama,4/9/2024
City of the City,China,Drama,4/9/2024
Lovely Runner,South Korea,Sci-Fi & Fantasy,4/8/2024
Live Surgery Room,China,Drama,4/6/2024
Parasyte: The Grey,South Korea,Sci-Fi & Fantasy,4/5/2024
Sword and Fairy 1,China,Sci-Fi & Fantasy,4/2/2024
Hard to Find,China,Drama,4/2/2024
Undercover Affair,China,Drama,4/2/2024
Blossoms in Adversity,China,Drama,4/2/2024
Love Is Like A Cat,South Korea,Drama,4/1/2024
Hear Your Hear,China,Drama,3/31/2024
The Farewell Song,China,Drama,3/31/2024
The Escape of the Seven: Resurrection,South Korea,Drama,3/29/2024
Fry Me to the Moon,China,Drama,3/29/2024
Hope on the Street,South Korea,Documentary,3/28/2024
Step by Step Love,China,Drama,3/28/2024
Bazaar Beloved Birds,China,Drama,3/28/2024
The Believers,Thailand,Drama,3/27/2024
Jazz for Two,South Korea,Drama,3/26/2024
You Are My Whole World,China,Drama,3/25/2024
Su Ji and U Ri,South Korea,Family,3/25/2024
Love Beyond the Gaming World,China,Drama,3/25/2024
HIDE,South Korea,Drama,3/23/2024
Beauty and Mr. Romantic,South Korea,Family,3/23/2024
Five Kings of Thieves,China,Action & Adventure,3/23/2024
Guess Who I Am,China,Comedy,3/22/2024
3 Body Problem,China,Sci-Fi & Fantasy,3/21/2024
War of Faith,China,Drama,3/21/2024
Part for Ever,China,Drama,3/21/2024
Fortune Writer,China,Drama,3/20/2024
The Zero Complaint Flight,China,Drama,3/18/2024
Nothing Uncovered,South Korea,Crime,3/18/2024
The Legend of ShenLi,China,Drama,3/18/2024
In Blossom,China,Drama,3/15/2024
Chicken Nugget,South Korea,Mystery,3/15/2024
Simple Days,China,Drama,3/14/2024
My Piggy Lover,China,Drama,3/14/2024
The Housewivesâ€™ War,China,Drama,3/13/2024
Burning Flames,China,Drama,3/13/2024
Secrets of the Shadow Sect,China,Drama,3/12/2024
The Midnight Studio,South Korea,Sci-Fi & Fantasy,3/11/2024
Angels Fall Sometimes,China,Drama,3/9/2024
Queen of Tears,South Korea,Drama,3/9/2024
"Kiss Me, Save Me",China,Drama,3/9/2024
Miss You Forever,China,Drama,3/6/2024
Wonderful World,South Korea,Drama,3/1/2024
Everyone Loves Me,China,Comedy,3/1/2024
Pyramid Game,South Korea,Drama,2/29/2024
"Marry Me, My Evil Lord",China,Drama,2/28/2024
Pegasus,China,Drama,2/28/2024
The Impossible Heir,South Korea,Drama,2/28/2024
Yong An Dream,China,Drama,2/28/2024
Eternal Brotherhood,China,Action & Adventure,2/27/2024
Heart of Ice and Flame,China,Drama,2/26/2024
Wedding Impossible,South Korea,Drama,2/26/2024
When We Meet Again,China,Drama,2/25/2024
My Little Perfection,China,Drama,2/24/2024
Apartment 404,South Korea,Reality,2/23/2024
Chasing Love,China,Drama,2/22/2024
Bell Ringing,China,Drama,2/22/2024
Dusk Love,China,Drama,2/20/2024
White Cat Legend,China,Drama,2/20/2024
RisquÃ© Business: The Netherlands and Germany,South Korea,Reality,2/20/2024
Protect My King,China,Drama,2/19/2024
"Ready, Set, Love",Thailand,Comedy,2/15/2024
Roses & Guns (2024),China,Drama,2/12/2024
A Killer Paradox,South Korea,Crime,2/9/2024
Always on the Move,China,Drama,2/6/2024
Judge Dee's Mystery,China,Drama,2/6/2024
A Tale of Love and Loyalty,China,Drama,2/5/2024
Branding in Seongsu,South Korea,Drama,2/5/2024
The Soulmate,China,Drama,2/3/2024
Amidst a Snowstorm of Love,China,Drama,2/2/2024
My Piggy Boss,China,Comedy,2/2/2024
The Spirealm,China,Drama,2/2/2024
My Special Girl,China,Drama,2/1/2024
Queen of Divorce,South Korea,Drama,1/31/2024
Broken the Heart,China,Drama,1/31/2024
Fighting for Love,China,Crime,1/31/2024
The Happy Seven in Changan,China,Drama,1/30/2024
Our Love Triangle,South Korea,Action & Adventure,1/30/2024
Sweet Trap,China,Drama,1/29/2024
A Lucid Dream,China,Drama,1/28/2024
Doctor Slump,South Korea,Drama,1/27/2024
Flex X Cop,South Korea,Crime,1/26/2024
Happy Ending,South Korea,Drama,1/25/2024
Love for Love's Sake,South Korea,Drama,1/24/2024
Thousands of Years of Love,China,Drama,1/24/2024
The Two Sisters,South Korea,Drama,1/22/2024
Captivating the King,South Korea,Drama,1/21/2024
Small Town Stories,China,Drama,1/21/2024
Love Endures,China,Drama,1/20/2024
The Love of the Immortal,China,Drama,1/19/2024
LTNS,South Korea,Comedy,1/19/2024
The Bequeathed,South Korea,Drama,1/19/2024
Golden House Hidden Love,China,Comedy,1/19/2024
Sword and Fairy,China,Drama,1/18/2024
A Shop for Killers,South Korea,Drama,1/17/2024
Sword and Fairy 4,China,Drama,1/17/2024
19th Floor,China,Mystery,1/16/2024
Knight Flower,South Korea,Drama,1/12/2024
Different Princess,China,Drama,1/12/2024
Born to Run,China,Drama,1/11/2024
Have a Crush on You,China,Drama,1/11/2024
Frozen Surface,China,Mystery,1/10/2024
All of Her,China,Drama,1/9/2024
Our Interpreter,China,Comedy,1/8/2024
My Boss,China,Comedy,1/4/2024
The Ghost Town,China,Mystery,1/3/2024
Love Song for Illusion,South Korea,Sci-Fi & Fantasy,1/2/2024
Marry My Husband,South Korea,Drama,1/1/2024
My Happy Ending,South Korea,Mystery,12/30/2023
The Mutations,China,Drama,12/30/2023
Special Lady,China,Drama,12/29/2023
You'll Never Walk Alone,China,Drama,12/29/2023
Governor's Secret Love,China,Drama,12/27/2023
Between Him and Her,South Korea,Drama,12/26/2023
I Love You,China,Drama,12/25/2023
Gyeongseong Creature,South Korea,Sci-Fi & Fantasy,12/22/2023
The Lonely Warrior,China,Mystery,12/21/2023
Deadly Women (2023),China,Drama,12/21/2023
Like Flowers in Sand,South Korea,Comedy,12/20/2023
BTS Monuments: Beyond the Star,South Korea,Documentary,12/20/2023
Death's Game,South Korea,Sci-Fi & Fantasy,12/15/2023
Snap and Spark,South Korea,Drama,12/15/2023
His and Her Secrets,China,Drama,12/14/2023
Derailment,China,Drama,12/14/2023
Unshakable Faith,China,Mystery,12/12/2023
The Last Immortal,China,Drama,12/11/2023
The Hope,China,Drama,12/10/2023
Maestra: Strings of Truth,South Korea,Drama,12/9/2023
Battle Through The Heaven,China,Drama,12/8/2023
Got a Crush on You,China,Drama,12/7/2023
Rock and Peking Opera,China,Drama,12/7/2023
Curse Code,Thailand,Mystery,12/7/2023
Rising Feather,China,Drama,12/6/2023
Soundtrack #2,South Korea,Drama,12/6/2023
Night Has Come,South Korea,Drama,12/4/2023
Welcome to Samdal-ri,South Korea,Drama,12/2/2023
My Man Is Cupid,South Korea,Comedy,12/1/2023
Wife Above All,China,Drama,11/30/2023
"Love Me, Love My Voice",China,Drama,11/30/2023
Amazing Girls,China,Drama,11/29/2023
A Journey to Love,China,Drama,11/28/2023
Comedy Royale,South Korea,Comedy,11/28/2023
Tell Me That You Love Me,South Korea,Drama,11/27/2023
South Sea Tomb,China,Action & Adventure,11/27/2023
I May Love You,China,Comedy,11/25/2023
Boyhood,South Korea,Comedy,11/24/2023
My Demon,South Korea,Drama,11/24/2023
The Story of Park's Marriage Contract,South Korea,Drama,11/24/2023
My Daemon,Japan,Animation,11/23/2023
A Bloody Lucky Day,South Korea,Crime,11/20/2023
Hi! My Mr Right,China,Drama,11/18/2023
Secret Playlist,South Korea,Drama,11/18/2023
Chase The Truth,China,Crime,11/16/2023
Korea-Khitan War,South Korea,Drama,11/11/2023
A Breeze of Love,South Korea,Drama,11/10/2023
Vigilante,South Korea,Crime,11/8/2023
Story of Kunning Palace,China,Drama,11/7/2023
Wonderland of Love,China,Drama,11/6/2023
Daily Dose of Sunshine,South Korea,Drama,11/3/2023
Fearless,China,Drama,11/3/2023
Only for Love,China,Drama,11/3/2023
Love is Panacea,China,Drama,11/2/2023
Moon in the Day,South Korea,Sci-Fi & Fantasy,11/1/2023
We Go Fast On Trust,China,Drama,11/1/2023
The Matchmakers,South Korea,Comedy,10/30/2023
Rising With the Wind,China,Drama,10/30/2023
Castaway Diva,South Korea,Comedy,10/28/2023
Perfect Marriage Revenge,South Korea,Drama,10/28/2023
The Furthest Distance,China,Drama,10/26/2023
Story of Qinglian,China,Drama,10/23/2023
Blooming,China,Drama,10/23/2023
Bump Up Business,South Korea,Drama,10/20/2023
Doona!,South Korea,Comedy,10/20/2023
The Bionic Life,China,Drama,10/18/2023
Evilive,South Korea,Crime,10/14/2023
Never Too Late,China,Drama,10/14/2023
Romance on the Farm,China,Drama,10/14/2023
Scent of Time,China,Drama,10/13/2023
Ripe Town,China,Mystery,10/13/2023
The Inextricable Destiny,China,Drama,10/12/2023
A Good Day to be a Dog,South Korea,Drama,10/11/2023
Mr. & Mrs. Chen,China,Drama,10/11/2023
My Lovely Wife,China,Drama,10/11/2023
Miss Mystery,China,Drama,10/10/2023
Strong Girl Nam-soon,South Korea,Comedy,10/7/2023
The Heart,China,Drama,10/7/2023
The Deal,South Korea,Crime,10/6/2023
Deane's Dynasty,Thailand,Reality,10/6/2023
My Precious,China,Drama,10/3/2023
Tiger and Crane,China,Action & Adventure,10/2/2023
Embrace Love,China,Drama,9/30/2023
The Snow Moon,China,Drama,9/28/2023
The Worst of Evil,South Korea,Crime,9/27/2023
Bon Appetit,South Korea,Drama,9/27/2023
The Devil's Plan,South Korea,Reality,9/26/2023
Twinkling Watermelon,South Korea,Sci-Fi & Fantasy,9/25/2023
Song of the Bandits,South Korea,Action & Adventure,9/22/2023
Hilarious Family,China,Comedy,9/22/2023
The Deliberations of Love,China,Drama,9/20/2023
Spy Game,China,Drama,9/20/2023
Bright Eyes in the Dark,China,Drama,9/19/2023
Alliance,China,Drama,9/19/2023
Unpredictable Family,South Korea,Family,9/18/2023
Live Your Own Life,South Korea,Family,9/16/2023
Stand By Me,China,Drama,9/16/2023
Love Is An Accident,China,Comedy,9/16/2023
CEO-dol Mart,South Korea,Drama,9/15/2023
The Escape of the Seven,South Korea,Drama,9/15/2023
Love Strikes Back,China,Drama,9/15/2023
"Hello, I'm At Your Service",China,Drama,9/15/2023
Faithful,China,Drama,9/15/2023
Han River Police,South Korea,Comedy,9/13/2023
The Kidnapping Day,South Korea,Drama,9/13/2023
Miss Lucky Go!,China,Drama,9/13/2023
Just Dance,China,Drama,9/12/2023
South Wind Knows,China,Drama,9/12/2023
A Time Called You,South Korea,Drama,9/8/2023
Parallel World,China,Drama,9/7/2023
6ixtynin9 the Series,Thailand,Comedy,9/6/2023
My Annoying Roommate,China,Drama,9/6/2023
My Journey To You,China,Drama,9/2/2023
Sunshine by My Side,China,Soap,9/1/2023
Comedy Island Thailand,Thailand,Comedy,8/31/2023
Egg and Stone,China,Comedy,8/31/2023
Forever Love,China,Drama,8/31/2023
Dear Mr. Recluse,China,Drama,8/31/2023
The Eve,China,Drama,8/29/2023
RisquÃ© Business: Taiwan,South Korea,Reality,8/29/2023
Wrong Carriage Right Groom,China,Comedy,8/28/2023
Romantic Sleeping Guide,China,Drama,8/26/2023
Why R U?,South Korea,Drama,8/24/2023
Destined with You,South Korea,Drama,8/23/2023
A Different Mr. Xiao,China,Soap,8/22/2023
My Lovely Boxer,South Korea,Drama,8/21/2023
The Legend of Zhuohua,China,Drama,8/19/2023
Mask Girl,South Korea,Drama,8/18/2023
Legend of the Undercover Chef,China,Comedy,8/18/2023
The Evidence Tells,China,Crime,8/18/2023
Fake It Till You Make It,China,Drama,8/18/2023
Stand by Me,China,Drama,8/17/2023
Her World,China,Drama,8/17/2023
Kill You Love You,China,Drama,8/16/2023
Sunrise,China,Drama,8/14/2023
Behind Your Touch,South Korea,Drama,8/12/2023
You Are Desire,China,Drama,8/12/2023
Cold Blooded Intern,South Korea,Drama,8/11/2023
Sweet Games,China,Drama,8/11/2023
The Killing Vote,South Korea,Drama,8/10/2023
Love Forever Young,China,Comedy,8/10/2023
Love You Seven Times,China,Drama,8/10/2023
Royal Guard: The Evil Menace,China,Mystery,8/9/2023
Moving,South Korea,Action & Adventure,8/9/2023
Zombieverse,South Korea,Reality,8/8/2023
The Elegant Empire,South Korea,Drama,8/7/2023
My Dearest,South Korea,Drama,8/4/2023
You From The Future,China,Drama,8/4/2023
I Am Nobody,China,Drama,8/4/2023
Sing My Crush,South Korea,Drama,8/2/2023
My Lovely Liar,South Korea,Mystery,7/31/2023
Exclusive Fairytale,China,Drama,7/27/2023
The Infiltrator,China,Mystery,7/27/2023
Longing For You,South Korea,Mystery,7/26/2023
Lost You Forever,China,Drama,7/24/2023
Mysterious Lotus Casebook,China,Drama,7/23/2023
Whoâ€™s Your Daddy,China,Drama,7/21/2023
Jun and Jun,South Korea,Drama,7/20/2023
The Princess and the Werewolf,China,Drama,7/20/2023
My Dearest,China,Drama,7/19/2023
Not Others,South Korea,Drama,7/17/2023
Imperfect Victim,China,Drama,7/17/2023
Be Your Own Light,China,Drama,7/17/2023
Fearless Blood,China,Drama,7/15/2023
Trick in Love,China,Drama,7/13/2023
Butterflied Lover,China,Drama,7/12/2023
The Legend of Anle,China,Drama,7/12/2023
Nineteen to Twenty,South Korea,Reality,7/11/2023
Dear Mr. Heavenly Fox,China,Drama,7/10/2023
Once and Forever,China,Drama,7/10/2023
Hidden Agenda,Thailand,Drama,7/9/2023
The Lost 11th Floor,China,Mystery,7/9/2023
Stay With Me,China,Drama,7/7/2023
Ancient Powers,China,Documentary,7/7/2023
Fireworks of My Heart,China,Action & Adventure,7/5/2023
Divine Destiny,China,Action & Adventure,7/2/2023
The Longest Promise,China,Sci-Fi & Fantasy,7/2/2023
Celebrity,South Korea,Drama,6/30/2023
Ray of Light,China,Drama,6/29/2023
Miraculous Brothers,South Korea,Mystery,6/28/2023
Delete,Thailand,Mystery,6/28/2023
Confess your love,China,Drama,6/28/2023
Ten Years,China,Drama,6/28/2023
HeartBeat,South Korea,Drama,6/26/2023
The Outsider,China,Drama,6/25/2023
Durian's Affair,South Korea,Drama,6/24/2023
Numbers,South Korea,Drama,6/23/2023
Revenant,South Korea,Mystery,6/23/2023
An Ancient Love Song,China,Drama,6/22/2023
Snow Eagle Lord,China,Drama,6/21/2023
Exploration Methods of Love,China,Drama,6/21/2023
Hidden Love,China,Drama,6/20/2023
Sisterhood,China,Drama,6/20/2023
Lies Hidden in My Garden,South Korea,Crime,6/19/2023
Stand or Fall,China,Drama,6/18/2023
King the Land,South Korea,Drama,6/17/2023
See You in My 19th Life,South Korea,Comedy,6/17/2023
Fish Show You,China,Drama,6/15/2023
Dominator of Martial Gods,China,Drama,6/14/2023
When I Fly Towards You,China,Soap,6/13/2023
My Chinese Chic Boutique,China,Drama,6/11/2023
My Marvellous Fable,China,Drama,6/11/2023
Skip a Beat,China,Drama,6/9/2023
Bloodhounds,South Korea,Action & Adventure,6/9/2023
The Everlasting Love,China,Drama,6/8/2023
Romance by Romance,South Korea,Thriller,6/7/2023
Love Tractor,South Korea,Comedy,6/7/2023
Love You Self-Evident,China,Drama,6/6/2023
Gone with the Rain,China,Drama,6/5/2023
The Villain of Romance,South Korea,Drama,6/5/2023
"Let's Date, Professor Xie",China,Drama,6/3/2023
Sound Candy,South Korea,Drama,6/3/2023
A Date With the Future,China,Drama,6/2/2023
Beauty of Resilience,China,Drama,6/1/2023
The Youth Memories,China,Drama,6/1/2023
Battle for Happiness,South Korea,Drama,5/31/2023
BITCH X RICH,South Korea,Drama,5/31/2023
The White Castle,China,Drama,5/31/2023
To Ship Someone,China,Drama,5/31/2023
Siren: Survive the Island,South Korea,Reality,5/30/2023
Mr. Insomnia Waiting for Love,China,Sci-Fi & Fantasy,5/30/2023
Murder Notes,China,Drama,5/30/2023
Delightfully Deceitful,South Korea,Drama,5/29/2023
Prosecution Elite,China,Drama,5/29/2023
Wanru's Journey,China,Comedy,5/26/2023
Circle of Love,China,Drama,5/26/2023
Dancing Queens on The Road,South Korea,Reality,5/25/2023
Please Be My Family,China,Drama,5/25/2023
In Later Years,China,Family,5/25/2023
One Day Off,South Korea,Drama,5/24/2023
My Wife,China,Drama,5/24/2023
Brother Ramyeon,South Korea,Reality,5/22/2023
Here We Meet Again,China,Drama,5/22/2023
Hi Producer,China,Drama,5/20/2023
No Escape,Thailand,Drama,5/18/2023
First Kisses,China,Drama,5/16/2023
Oh! Youngsim,South Korea,Comedy,5/15/2023
Gen Z,China,Drama,5/14/2023
Black Knight,South Korea,Sci-Fi & Fantasy,5/12/2023
The Maid Ballad,China,Drama,5/10/2023
RACE,South Korea,Drama,5/10/2023
Back From the Brink,China,Drama,5/9/2023
Sweet and Cold,China,Drama,5/8/2023
All That We Loved,South Korea,Drama,5/5/2023
"Yes, I Am a Spy",China,Drama,5/5/2023
Love Mate,South Korea,Drama,5/4/2023
Larva Family,South Korea,Kids,5/4/2023
The Road to Ordinary,China,Drama,5/3/2023
My Perfect Stranger,South Korea,Sci-Fi & Fantasy,5/1/2023
The Ingenious One,China,Action & Adventure,5/1/2023
I Have a Smart Doctor Wife,China,Drama,4/30/2023
Finland Papa,South Korea,Drama,4/29/2023
Happy Merry Ending,South Korea,Drama,4/26/2023
The Good Bad Mother,South Korea,Drama,4/26/2023
RisquÃ© Business: Japan,South Korea,Reality,4/25/2023
Queen of Masks,South Korea,Mystery,4/24/2023
The Love You Give Me,China,Drama,4/24/2023
"My Bug, My Castellan",China,Drama,4/23/2023
Desire Catcher,China,Crime,4/23/2023
The Long Season,China,Drama,4/22/2023
My 20th Twenty,South Korea,Drama,4/21/2023
Love of Replica,China,Drama,4/20/2023
Fated to Love You,China,Drama,4/20/2023
Let's tug it!,China,Drama,4/18/2023
Meant To Be,South Korea,Drama,4/17/2023
Family: The Unbreakable Bond,South Korea,Drama,4/17/2023
Doctor Cha,South Korea,Drama,4/15/2023
Take Us Home,China,Family,4/15/2023
Queenmaker,South Korea,Drama,4/14/2023
Stealer: The Treasure Keeper,South Korea,Action & Adventure,4/12/2023
True to Love,South Korea,Drama,4/12/2023
Cute Bad Guy,China,Comedy,4/12/2023
Wow! Your Little Temper,China,Drama,4/11/2023
Pale Moon,South Korea,Drama,4/10/2023
Thirteen Years of Dust,China,Crime,4/6/2023
The Trust,China,Drama,4/6/2023
Till The End of The Moon,China,Drama,4/6/2023
Strong Underdog,South Korea,Drama,4/1/2023
Duty After School,South Korea,Sci-Fi & Fantasy,3/31/2023
Joseon Attorney: A Morality,South Korea,Drama,3/31/2023
Love Is Written in the Stars,China,Drama,3/31/2023
Infernal Affairs,China,Mystery,3/30/2023
Provoke,China,Crime,3/30/2023
The Eighth Sense,South Korea,Drama,3/29/2023
The Big Door Prize,South Korea,Comedy,3/28/2023
Apple of My Eye,South Korea,Drama,3/27/2023
The Real Has Come!,South Korea,Drama,3/25/2023
Romance of a Twin Flower,China,Drama,3/21/2023
Miles to Go,China,Drama,3/20/2023
The Secret Romantic Guesthouse,South Korea,Drama,3/20/2023
101 Marriages,China,Drama,3/17/2023
Unintentional Love Story,South Korea,Drama,3/16/2023
Echo,China,Drama,3/16/2023
Royal Rumours,China,Drama,3/15/2023
Road Home,China,Drama,3/14/2023
Woman in a Veil,South Korea,Drama,3/14/2023
Who Is He,China,Crime,3/14/2023
A Shoulder to Cry On,South Korea,Drama,3/14/2023
HyeMiLeeYeChaePa,South Korea,Reality,3/12/2023
Dear Liar,China,Drama,3/11/2023
Pandora: Beneath the Paradise,South Korea,Drama,3/11/2023
Our Dating Sim,South Korea,Drama,3/9/2023
Maybe This Is Love,China,Comedy,3/7/2023
Oasis,South Korea,Drama,3/6/2023
Divorce Attorney Shin,South Korea,Drama,3/4/2023
In the Name of God: A Holy Betrayal,South Korea,Documentary,3/3/2023
All the Liquors,South Korea,Drama,3/2/2023
Delivery Man,South Korea,Comedy,3/1/2023
Mommy's Counterattack,China,Drama,2/24/2023
Jinny's Kitchen,South Korea,Reality,2/24/2023
Call It Love,South Korea,Drama,2/22/2023
Justice in the Dark,China,Action & Adventure,2/18/2023
The Starry Love,China,Drama,2/16/2023
The Heavenly Idol,South Korea,Sci-Fi & Fantasy,2/15/2023
Peak Time,South Korea,Reality,2/15/2023
Have a Crush On You,China,Drama,2/10/2023
Love to Hate You,South Korea,Comedy,2/10/2023
Our Blooming Youth,South Korea,Mystery,2/6/2023
My Eternal Star,China,Drama,2/3/2023
MAKE MY DAY,China,Sci-Fi & Fantasy,2/2/2023
"Yes, Her Majesty",China,Drama,1/31/2023
A League of Nobleman,China,Action & Adventure,1/30/2023
When I See Your Face,China,Drama,1/29/2023
Wulin Heroes,China,Comedy,1/29/2023
Love at Second Sight,China,Drama,1/28/2023
Decoy,South Korea,Crime,1/27/2023
Kokdu: Season of Deity,South Korea,Drama,1/27/2023
Belated First Love,China,Drama,1/25/2023
Physical: 100,South Korea,Reality,1/24/2023
Strangers Again,South Korea,Drama,1/18/2023
Why Try to Change Me Now,China,Drama,1/16/2023
Three-Body,China,Drama,1/15/2023
Crash Course In Romance,South Korea,Comedy,1/14/2023
An Old Magic,China,Drama,1/13/2023
Summer In Love,China,Drama,1/11/2023
Adventure of You Detective,China,Crime,1/10/2023
Romance With Blind Master,China,Comedy,1/9/2023
Agency,South Korea,Drama,1/7/2023
Payback: Money and Power,South Korea,Drama,1/6/2023
My Uncanny Destiny,China,Comedy,1/6/2023
Ye Cheng,China,Comedy,1/5/2023
Brain Works,South Korea,Drama,1/2/2023
In Spite of the Strong Wind,China,Drama,1/1/2023
The Castellan Belongs to Me,China,Drama,1/1/2023
Island,South Korea,Action & Adventure,12/30/2022
Never Too Late,China,Drama,12/30/2022
The Glory,South Korea,Drama,12/30/2022
Brown and Friends,South Korea,Kids,12/29/2022
Unchained Love,China,Drama,12/27/2022
Flight To You,China,Drama,12/26/2022
The Blood of Youth,China,Action & Adventure,12/26/2022
So Itâ€™s You,China,Drama,12/25/2022
The Fabulous,South Korea,Comedy,12/23/2022
Order of the Sommelier,China,Drama,12/23/2022
The New Employee,South Korea,Drama,12/21/2022
Big Bet,South Korea,Drama,12/21/2022
The Interest of Love,South Korea,Drama,12/21/2022
Trolley,South Korea,Mystery,12/19/2022
Red Balloon,South Korea,Family,12/17/2022
Hi Venus,China,Drama,12/16/2022
The Director Who Buys Me Dinner,South Korea,Drama,12/15/2022
The Skip Dating,South Korea,Reality,12/15/2022
First Love,China,Drama,12/12/2022
Double Love,China,Comedy,12/10/2022
The Forbidden Marriage,South Korea,Drama,12/9/2022
Lookism,South Korea,Animation,12/8/2022
Eight Hours,China,Action & Adventure,12/8/2022
Connect,South Korea,Mystery,12/7/2022
Unlock My Boss,South Korea,Drama,12/7/2022
Recipe for Farewell,South Korea,Drama,12/1/2022
Oh! My Assistant,South Korea,Drama,12/1/2022
Shining Just For You,China,Drama,11/30/2022
Pretty Guardian of the City,China,Drama,11/30/2022
Korea No.1,South Korea,Reality,11/25/2022
Happy Ending Romance,South Korea,Drama,11/24/2022
A Love Journal,China,Drama,11/21/2022
Summer Strike,South Korea,Drama,11/21/2022
Warm Meet You,China,Comedy,11/19/2022
Reborn Rich,South Korea,Sci-Fi & Fantasy,11/18/2022
Weak Hero Class 1,South Korea,Action & Adventure,11/18/2022
Somebody,South Korea,Mystery,11/18/2022
New Love Playlist,South Korea,Drama,11/16/2022
Phantom School,South Korea,Action & Adventure,11/16/2022
The First Responders,South Korea,Drama,11/12/2022
Revenge of Others,South Korea,Drama,11/9/2022
Ming Yue Ji Jun Xin,China,Drama,11/9/2022
The Witch Store Reopens,South Korea,Comedy,11/8/2022
Behind Every Star,South Korea,Comedy,11/7/2022
Buff in Love,China,Drama,11/4/2022
Lighter and Princess,China,Drama,11/3/2022
Bubble Up,South Korea,Drama,11/1/2022
Curtain Call,South Korea,Drama,10/31/2022
Bargain,South Korea,Crime,10/28/2022
Almost Lover,China,Drama,10/26/2022
Shadow Detective,South Korea,Mystery,10/26/2022
May I Help You,South Korea,Drama,10/19/2022
NewJeans Code in Busan,South Korea,Reality,10/16/2022
Under the Queen's Umbrella,South Korea,Drama,10/15/2022
Light Chaser Rescue,China,Drama,10/14/2022
Yonder,South Korea,Drama,10/14/2022
Roommates of Poongduck 304,South Korea,Drama,10/13/2022
Glitch,South Korea,Mystery,10/7/2022
Bad Prosecutor,South Korea,Drama,10/5/2022
Love Is for Suckers,South Korea,Drama,10/5/2022
Pink Lie,South Korea,Reality,10/5/2022
Cheer Up,South Korea,Comedy,10/3/2022
My Deepest Dream,China,Drama,10/1/2022
Gaus Electronics,South Korea,Comedy,9/30/2022
Falling Into You,China,Drama,9/29/2022
Strange Tales Of Tang Dynasty,China,Mystery,9/27/2022
My Calorie Boy,China,Drama,9/26/2022
The Empire,South Korea,Drama,9/24/2022
The Empire Of Law,South Korea,Drama,9/24/2022
A Familiar Stranger,China,Comedy,9/23/2022
One Dollar Lawyer,South Korea,Drama,9/23/2022
The Golden Spoon,South Korea,Sci-Fi & Fantasy,9/23/2022
The Blessed Bride,China,Drama,9/23/2022
Thai Cave Rescue,Thailand,Drama,9/22/2022
May It Please The Court,South Korea,Drama,9/21/2022
Love in Contract,South Korea,Comedy,9/21/2022
Seasons of Blossom,South Korea,Drama,9/21/2022
LA@ITZY,South Korea,Music,9/21/2022
Candle in the Tomb: Kunlun Tomb,China,Action & Adventure,9/20/2022
Blind,South Korea,Drama,9/16/2022
Once Again,South Korea,Drama,9/15/2022
A Romance of the Little Forest,China,Comedy,9/15/2022
Mental Coach Jegal,South Korea,Drama,9/12/2022
Young Actors' Retreat,South Korea,Reality,9/9/2022
Let's Meet Now,China,Comedy,9/9/2022
Narco-Saints,South Korea,Crime,9/9/2022
The Zone: Survival Mission,South Korea,Reality,9/8/2022
Once Upon a Small Town,South Korea,Drama,9/5/2022
The Law Cafe,South Korea,Drama,9/5/2022
Little Women,South Korea,Drama,9/3/2022
Desperate Mr. X,South Korea,Drama,9/2/2022
Lost Track of Time,China,Drama,8/31/2022
Unicorn,South Korea,Drama,8/26/2022
Good Job,South Korea,Drama,8/24/2022
Stockstruck,South Korea,Drama,8/12/2022
A Model Family,South Korea,Drama,8/12/2022
If You Wish Upon Me,South Korea,Drama,8/10/2022
School Tales the Series,Thailand,Mystery,8/10/2022
Boar Hunt,South Korea,Drama,8/1/2022
"Poong, The Joseon Psychiatrist",South Korea,Drama,8/1/2022
Big Mouth,South Korea,Mystery,7/29/2022
Time Seems to Have Forgotten,China,Crime,7/29/2022
Today's Webtoon,South Korea,Drama,7/29/2022
Adamas,South Korea,Mystery,7/27/2022
In The Soop: Friendcation,South Korea,Reality,7/22/2022
Mimicus,South Korea,Drama,7/22/2022
Out With a Bang,China,Drama,7/21/2022
Remarriage & Desires,South Korea,Drama,7/15/2022
Dear X Who Doesn't Love Me,South Korea,Drama,7/14/2022
Hurts Like Hell,Thailand,Drama,7/13/2022
Merry Queer,South Korea,Reality,7/8/2022
Love Like the Galaxy,China,Drama,7/5/2022
Extraordinary Attorney Woo,South Korea,Drama,6/29/2022
Dear.M,South Korea,Drama,6/29/2022
CafÃ© Minamdang,South Korea,Drama,6/27/2022
Becoming Witch,South Korea,Comedy,6/25/2022
Money Heist: Korea - Joint Economic Area,South Korea,Drama,6/24/2022
Anna,South Korea,Drama,6/24/2022
Miracle,South Korea,Comedy,6/24/2022
Alchemy of Souls,South Korea,Drama,6/18/2022
Love The Way You Are,China,Drama,6/17/2022
Love Behind the Melody,China,Drama,6/15/2022
Jinxed at First,South Korea,Drama,6/15/2022
Insider,South Korea,Action & Adventure,6/8/2022
"Link: Eat, Love, Kill",South Korea,Mystery,6/6/2022
Cleaning Up,South Korea,Crime,6/4/2022
Why Her?,South Korea,Mystery,6/3/2022
Doctor Lawyer,South Korea,Crime,6/3/2022
EVE,South Korea,Drama,6/1/2022
K Food Show: A Nation of Broth,South Korea,Documentary,5/29/2022
Kiss Sixth Sense,South Korea,Sci-Fi & Fantasy,5/25/2022
Believe in Love,China,Comedy,5/25/2022
Welcome to Wedding Hell,South Korea,Drama,5/23/2022
A Robot in the Orange Orchard,China,Drama,5/20/2022
Legacy,China,Drama,5/19/2022
Destined to Meet You,China,Comedy,5/13/2022
Lady of Law,China,Drama,5/9/2022
Woori The Virgin,South Korea,Comedy,5/9/2022
Unexpected Journey,South Korea,Reality,5/8/2022
The Sound of Magic,South Korea,Drama,5/6/2022
When You Be Me,China,Family,5/5/2022
Never Give Up,South Korea,Comedy,5/4/2022
ITZY COZY HOUSE,South Korea,"Food, Music",5/4/2022
Bloody Heart,South Korea,Drama,5/2/2022
Oâ€™PENing,South Korea,Comedy,5/2/2022
Love in Flames of War,China,Drama,4/30/2022
Monstrous,South Korea,Drama,4/29/2022
Master of My Own,China,Drama,4/29/2022
The Killer's Shopping List,South Korea,Drama,4/27/2022
"From Now On, Showtime!",South Korea,Mystery,4/23/2022
Shooting Stars,South Korea,Drama,4/22/2022
Love All Play,South Korea,Drama,4/20/2022
Who Rules The World,China,Drama,4/18/2022
Blue Flame Assault,China,Drama,4/16/2022
My Liberation Notes,South Korea,Drama,4/9/2022
Our Blues,South Korea,Drama,4/9/2022
Again My Life,South Korea,Drama,4/8/2022
Delicacies Destiny,China,Drama,4/7/2022
Green Mothers' Club,South Korea,Mystery,4/6/2022
It's Beautiful Now,South Korea,Comedy,4/2/2022
The Lady in Butcherâ€™s House,China,Drama,4/1/2022
Tomorrow,South Korea,Drama,4/1/2022
Blueming,South Korea,Drama,3/31/2022
Hope or Dope,South Korea,Drama,3/25/2022
Pachinko,South Korea,Drama,3/24/2022
Soundtrack #1,South Korea,Drama,3/23/2022
Dear Doctor,Thailand,Drama,3/23/2022
The King of Pigs,South Korea,Mystery,3/18/2022
The Blue Whisper,China,Drama,3/17/2022
Be My Princess,China,Sci-Fi & Fantasy,3/16/2022
The Oath of Love,China,Drama,3/15/2022
A Superior Day,South Korea,Drama,3/13/2022
Legally Romance,China,Drama,3/10/2022
Kill Heel,South Korea,Drama,3/9/2022
Crazy Love,South Korea,Drama,3/7/2022
Under the Skin,China,Drama,3/6/2022
Military Prosecutor Doberman,South Korea,Drama,2/28/2022
A Business Proposal,South Korea,Drama,2/28/2022
Juvenile Justice,South Korea,Drama,2/25/2022
Cherry Blossoms After Winter,South Korea,Drama,2/24/2022
Modern Marriage,China,Drama,2/24/2022
Sponsor,South Korea,Drama,2/23/2022
Remember 15,Thailand,Crime,2/22/2022
Semantic Error,South Korea,Drama,2/16/2022
Grid,South Korea,Sci-Fi & Fantasy,2/16/2022
Thirty-Nine,South Korea,Drama,2/16/2022
Dine with Love,China,Drama,2/14/2022
Forecasting Love and Weather,South Korea,Drama,2/12/2022
Twenty Five Twenty One,South Korea,Drama,2/12/2022
"First Love, Again",South Korea,Drama,2/11/2022
Why Women Love,China,Comedy,2/8/2022
The Autumn Ballad,China,Drama,2/5/2022
"Hello, The Sharpshooter",China,Comedy,2/3/2022
Love Potion,China,Comedy,2/1/2022
All of Us Are Dead,South Korea,Drama,1/28/2022
Rookie Cops,South Korea,Drama,1/26/2022
Shining For One Thing,China,Sci-Fi & Fantasy,1/26/2022
City of Streamer,China,Drama,1/20/2022
Mirror: A Tale of Twin Cities,China,Sci-Fi & Fantasy,1/16/2022
Dr. Parkâ€™s Clinic,South Korea,Comedy,1/14/2022
Through the Darkness,South Korea,Mystery,1/14/2022
Please Donâ€™t spoil me,China,Drama,1/7/2022
Tracer,South Korea,Drama,1/7/2022
Ghost Doctor,South Korea,Comedy,1/3/2022
The Lion's Secret,China,Drama,12/30/2021
The Silent Sea,South Korea,Sci-Fi & Fantasy,12/24/2021
Love & Wish,South Korea,Drama,12/24/2021
Tinted With You,South Korea,"Historical, Romance, Fantacy",12/23/2021
The Revenge,Thailand,Drama,12/21/2021
The One and Only,South Korea,Drama,12/20/2021
Moonshine,South Korea,Comedy,12/20/2021
The Flowers Are Blooming,China,Comedy,12/19/2021
Bulgasal: Immortal Souls,South Korea,Sci-Fi & Fantasy,12/18/2021
Singleâ€™s Inferno,South Korea,Reality,12/18/2021
F4 Thailand: Boys Over Flowers,Thailand,Comedy,12/18/2021
Bad and Crazy,South Korea,Drama,12/17/2021
Sword Snow Stride,China,Drama,12/15/2021
Dream Garden,China,Mystery,12/13/2021
Uncle,South Korea,Comedy,12/11/2021
"The King of Tears, Lee Bang Won",South Korea,Drama,12/11/2021
The Hungry and the Hairy,South Korea,Reality,12/11/2021
Casting a Spell to You,South Korea,Comedy,12/9/2021
My Heart,China,Sci-Fi & Fantasy,12/9/2021
Artificial City,South Korea,Mystery,12/8/2021
Our Beloved Summer,South Korea,Comedy,12/6/2021
Who Is Murderer,China,Crime,12/5/2021
User Not Found,South Korea,Drama,12/3/2021
Snowdrop,South Korea,Drama,12/3/2021
Luoyang,China,Drama,12/1/2021
Lie to Love,China,Drama,11/30/2021
Heart of Loyalty,China,Soap,11/29/2021
Show Window: Queen's House,South Korea,Drama,11/29/2021
One Ordinary Day,South Korea,Crime,11/27/2021
School 2021,South Korea,Family,11/24/2021
To Fly With You,China,Drama,11/22/2021
Shadow Beauty,South Korea,Drama,11/20/2021
New World,South Korea,Reality,11/20/2021
Hellbound,South Korea,Sci-Fi & Fantasy,11/19/2021
"Now, We Are Breaking Up",South Korea,Drama,11/12/2021
Adult Trainee,South Korea,Comedy,11/12/2021
Outrun by Running Man,South Korea,Comedy,11/12/2021
The Red Sleeve,South Korea,Drama,11/12/2021
Novoland: Pearl Eclipse,China,Drama,11/10/2021
Melancholia,South Korea,Drama,11/10/2021
Love At Night,China,Drama,11/9/2021
Secret Royal Inspector & Joy,South Korea,Drama,11/8/2021
IDOL: The Coup,South Korea,Drama,11/8/2021
Let Me Be Your Knight,South Korea,Drama,11/7/2021
Happiness,South Korea,Drama,11/5/2021
Dr. Brain,South Korea,Sci-Fi & Fantasy,11/3/2021
Wisher,China,Drama,11/3/2021
Chimera,South Korea,Drama,10/30/2021
Inspector Koo,South Korea,Action & Adventure,10/30/2021
Moebius Project 2012: The Veil,South Korea,Action & Adventure,10/29/2021
Crime Puzzle,South Korea,Crime,10/29/2021
Out Of The Dream,China,Drama,10/28/2021
Game of Outlaws,Thailand,Action & Adventure,10/28/2021
Snow Lover,China,Comedy,10/26/2021
Jirisan,South Korea,Drama,10/23/2021
"Work Later, Drink Now",South Korea,Drama,10/22/2021
The Raincoat Killer: Chasing a Predator in Korea,South Korea,Documentary,10/22/2021
Rebirth For You,China,Drama,10/17/2021
My Name,South Korea,Drama,10/15/2021
Reflection of You,South Korea,Drama,10/13/2021
The King's Affection,South Korea,Drama,10/11/2021
Fall In Love With Him,China,Sci-Fi & Fantasy,10/10/2021
Once We Get Married,China,Comedy,10/8/2021
Paik's Spirit,South Korea,Talk,10/1/2021
Young Lady and Gentleman,South Korea,Comedy,9/25/2021
Bangkok Breaking,Thailand,Crime,9/23/2021
A Female Student Arrives at the Imperial College,China,Drama,9/22/2021
Dali and the Cocky Prince,South Korea,Comedy,9/22/2021
Hometown,South Korea,Crime,9/22/2021
One The Woman,South Korea,Comedy,9/17/2021
The Veil,South Korea,Mystery,9/17/2021
Squid Game,South Korea,Mystery,9/17/2021
Yumi's Cells,South Korea,Drama,9/17/2021
Your Sensibility My Destiny,China,Comedy,9/16/2021
Definitely Not Today,China,Crime,9/15/2021
My Dear Brothers,China,Comedy,9/15/2021
Cute Programmer,China,Comedy,9/10/2021
The Justice,China,Drama,9/8/2021
High Class,South Korea,Drama,9/6/2021
Forever and Ever,China,Drama,9/6/2021
Lost,South Korea,Drama,9/4/2021
My Bargain Queen,China,Drama,9/3/2021
Cry Me A River of Stars,China,Drama,8/31/2021
Lovers of the Red Sky,South Korea,Sci-Fi & Fantasy,8/30/2021
Hometown Cha-Cha-Cha,South Korea,Comedy,8/28/2021
D.P.,South Korea,Drama,8/27/2021
Trial Marriage,China,Drama,8/20/2021
One and Only,China,Drama,8/18/2021
Sweet Teeth,China,Drama,8/16/2021
Remember You,Thailand,Drama,8/16/2021
Demi-Gods and Semi-Devils,China,Sci-Fi & Fantasy,8/14/2021
Police University,South Korea,Drama,8/9/2021
Dream of Chang'an,China,Drama,8/8/2021
The Road: The Tragedy of One,South Korea,Drama,8/4/2021
Crush,China,Drama,8/3/2021
A River Runs Through It,China,Drama,8/2/2021
The Great Shaman Ga Doo-shim,South Korea,Sci-Fi & Fantasy,7/30/2021
Timeless Love,China,Drama,7/26/2021
Blue Birthday,South Korea,Drama,7/23/2021
Broker,China,Action & Adventure,7/22/2021
The Witch's Diner,South Korea,Drama,7/16/2021
My Fated Boy,China,Drama,7/12/2021
Unforgettable Love,China,Drama,7/10/2021
Make a Wish,China,Comedy,7/8/2021
You Are My Spring,South Korea,Drama,7/5/2021
The Devil Judge,South Korea,Mystery,7/3/2021
Light on Me,South Korea,Drama,6/29/2021
Be Together,China,Drama,6/28/2021
On the Verge of Insanity,South Korea,Drama,6/23/2021
Falling Into Your Smile,China,Comedy,6/23/2021
Nevertheless,South Korea,Drama,6/19/2021
So Not Worth It,South Korea,Drama,6/18/2021
Ancient Love Poetry,China,Action & Adventure,6/17/2021
The Day of Becoming You,China,Drama,6/17/2021
Monthly Magazine Home,South Korea,Comedy,6/16/2021
"At a Distance, Spring is Green",South Korea,Drama,6/14/2021
Truth or Dare,China,Comedy,6/8/2021
My Dear Guardian,China,Drama,6/1/2021
Racket Boys,South Korea,Drama,5/31/2021
Flourish In Time,China,Drama,5/28/2021
My Roommate Is a Gumiho,South Korea,Sci-Fi & Fantasy,5/26/2021
The Trick of Life and Love,China,Drama,5/25/2021
Mad for Each Other,South Korea,"Comedy, Romance, Drama",5/24/2021
Moonlight,China,Drama,5/20/2021
Please Feel At Ease Mr. Ling,China,Drama,5/20/2021
Here's My Plan,South Korea,Drama,5/19/2021
Young and Beautiful,China,Family,5/14/2021
Move to Heaven,South Korea,Drama,5/14/2021
Doom at Your Service,South Korea,Sci-Fi & Fantasy,5/10/2021
Love Crossed,China,Drama,5/10/2021
Use for My Talent,China,Comedy,5/10/2021
MINE,South Korea,Drama,5/8/2021
Imitation,South Korea,Comedy,5/7/2021
Youth of May,South Korea,Drama,5/3/2021
Bossam: Steal the Fate,South Korea,Drama,5/1/2021
Dark Hole,South Korea,Action & Adventure,4/30/2021
So I Married An Anti-Fan,South Korea,"Music, Comedy, Romance",4/30/2021
Wonderful Fate,China,Drama,4/30/2021
The Imperial Coroner,China,Comedy,4/29/2021
The Dance of the Storm,China,Drama,4/27/2021
Let's Eat,Thailand,Drama,4/26/2021
Miss Crow with Mr. Lizard,China,Drama,4/26/2021
Undercover,South Korea,Action & Adventure,4/23/2021
Please Classmate,China,Comedy,4/23/2021
Ni Chang,China,Drama,4/20/2021
Mysterious Love,China,Drama,4/15/2021
Court Lady,China,Drama,4/15/2021
Sell Your Haunted House,South Korea,Drama,4/14/2021
Law School,South Korea,Drama,4/14/2021
First Sword of Wudang,China,Drama,4/13/2021
Love like White Jade,China,Drama,4/11/2021
Taxi Driver,South Korea,Crime,4/9/2021
Call It What You Want,Thailand,Comedy,4/9/2021
Love Scenery,China,Comedy,4/8/2021
Plot Love,China,Mystery,4/7/2021
The Long Ballad,China,Action & Adventure,3/31/2021
The Rational Life,China,Drama,3/31/2021
Summer Guys,South Korea,Drama,3/30/2021
Hello Mr. Gu,China,Drama,3/30/2021
Be My Dream Family,South Korea,Family,3/29/2021
Twelve Legends,China,Drama,3/27/2021
Scripting Your Destiny,South Korea,Sci-Fi & Fantasy,3/26/2021
The Sweet Blood,South Korea,"Romance, Youth, Supernatural",3/24/2021
Oh! Master,South Korea,Drama,3/24/2021
In Love With Your Dimples,China,Comedy,3/22/2021
Navillera,South Korea,Drama,3/22/2021
Joseon Exorcist,South Korea,Sci-Fi & Fantasy,3/22/2021
Palace of Devotion,China,Drama,3/20/2021
Sunshine of My Life,China,Drama,3/17/2021
Off The Course,South Korea,Comedy,3/15/2021
Revolutionary Sisters,South Korea,Family,3/13/2021
You Are My Hero,China,Drama,3/11/2021
Ping Pong,China,Drama,3/9/2021
Rattan,China,Sci-Fi & Fantasy,3/8/2021
Mouse,South Korea,Crime,3/3/2021
Killer And Healer,China,Drama,3/3/2021
Let's Fight Ghost,Thailand,Drama,3/3/2021
The Good Life,China,Drama,3/3/2021
Brilliant Girls,China,Comedy,3/1/2021
Must You Go?,South Korea,Drama,2/26/2021
You Make Me Dance,South Korea,Sci-Fi & Fantasy,2/26/2021
The Sword and The Brocade,China,Drama,2/26/2021
Be My Boyfriend,South Korea,Comedy,2/25/2021
Celestial Authority Academy,China,Drama,2/25/2021
How to Be Thirty,South Korea,Drama,2/23/2021
Storm Eye,China,Drama,2/23/2021
Word of Honor,China,Action & Adventure,2/22/2021
Vincenzo,South Korea,Action & Adventure,2/20/2021
Times,South Korea,Mystery,2/20/2021
Beyond Evil,South Korea,Drama,2/19/2021
Sisyphus: The Myth,South Korea,Mystery,2/17/2021
Exquisite Wolf Heart,China,Drama,2/15/2021
River Where the Moon Rises,South Korea,War & Politics,2/15/2021
Miss Monte-Cristo,South Korea,Drama,2/15/2021
My Heroic Husband,China,Drama,2/14/2021
Make My Heart Smile,China,Soap,2/6/2021
Douluo Continent,China,Drama,2/5/2021
Go Go Squid 2: Dt.Appledog's Time,China,Drama,2/4/2021
"Hello, Me!",South Korea,Comedy,2/3/2021
L.U.C.A.: The Beginning,South Korea,Drama,2/1/2021
Love Scene Number,South Korea,Drama,2/1/2021
High School Mystery Club,South Korea,Mystery,1/29/2021
Vacation of Love,China,Drama,1/25/2021
Love (ft. Marriage & Divorce),South Korea,Drama,1/23/2021
To My Star,South Korea,Comedy,1/22/2021
Unrequited Love,China,Drama,1/20/2021
"Always Have, Always Will",China,Comedy,1/20/2021
She Would Never Know,South Korea,Drama,1/18/2021
A Girl Like Me,China,Comedy,1/18/2021
Really Meet Love That Day,China,Drama,1/18/2021
My Little Happiness,China,Comedy,1/13/2021
A Good Supper,South Korea,Drama,1/11/2021
Beauty From Heart,China,Drama,1/11/2021
The World of Fantasy,China,Sci-Fi & Fantasy,1/9/2021
The Rebel Princess,China,Drama,1/9/2021
Color Rush,South Korea,Drama,12/30/2020
A Love So Beautiful,South Korea,Drama,12/28/2020
My Best Friend's Story,China,Drama,12/28/2020
The Controllers,China,Mystery,12/26/2020
Love Script,China,Drama,12/24/2020
Lovestruck in the City,South Korea,Drama,12/22/2020
Royal Secret Agent,South Korea,Drama,12/21/2020
Dear Missy,China,Drama,12/20/2020
Korean Pork Belly Rhapsody,South Korea,Documentary,12/20/2020
Sweet Home,South Korea,Sci-Fi & Fantasy,12/18/2020
Run On,South Korea,Drama,12/16/2020
Legend of Fei,China,Action & Adventure,12/16/2020
Forever Love,China,Drama,12/14/2020
Mr. Queen,South Korea,Comedy,12/12/2020
Romantic Blue,Thailand,Crime,12/12/2020
Hush,South Korea,Drama,12/11/2020
The Penalty Zone,China,Crime,12/11/2020
Ultimate Note,China,Drama,12/10/2020
True Beauty,South Korea,Comedy,12/9/2020
"Cheat On Me, If You Can",South Korea,Mystery,12/2/2020
You Complete Me,China,Drama,12/2/2020
Qin Dynasty Epic,China,Drama,12/1/2020
Awaken,South Korea,Mystery,11/30/2020
Eternal Love Rain,China,,11/28/2020
The Uncanny Counter,South Korea,Drama,11/28/2020
Irreplaceable Love,China,Drama,11/27/2020
Twisted Fate of Love,China,Drama,11/23/2020
Psych-Hunter,China,Drama,11/23/2020
The Goddess of Revenge,South Korea,Drama,11/21/2020
To Love,China,Mystery,11/19/2020
The Wolf,China,Sci-Fi & Fantasy,11/19/2020
Live On,South Korea,Drama,11/17/2020
Please Don't Date Him,South Korea,Sci-Fi & Fantasy,11/10/2020
The Silent Criminal,China,Mystery,11/9/2020
Something Just Like This,China,Drama,11/8/2020
Oh My Drama Lover,China,Drama,11/5/2020
The Legend of Xiao Chuo,China,Drama,11/3/2020
Birthcare Center,South Korea,Drama,11/2/2020
Heaven Official's Blessing,China,Action & Adventure,10/31/2020
Delayed Justice,South Korea,Drama,10/30/2020
Begin Again,China,Comedy,10/28/2020
Hikaru no Go,China,Drama,10/27/2020
The Penthouse,South Korea,Drama,10/26/2020
Kairos,South Korea,Drama,10/26/2020
The Blooms at Ruyi Pavilion,China,Drama,10/21/2020
Search,South Korea,Mystery,10/17/2020
Start-Up,South Korea,Comedy,10/17/2020
Professional Single,China,Soap,10/17/2020
General's Lady,China,Drama,10/9/2020
Noblesse,South Korea,Sci-Fi & Fantasy,10/8/2020
Do Do Sol Sol La La Sol,South Korea,Drama,10/7/2020
Private Lives,South Korea,Crime,10/7/2020
Tale of the Nine Tailed,South Korea,Sci-Fi & Fantasy,10/7/2020
The Moon Brightens For You,China,Drama,10/6/2020
My Dangerous Wife,South Korea,Drama,10/5/2020
Poisoned Love,China,,9/30/2020
Perfect and Casual,China,,9/28/2020
Love Is Sweet,China,,9/27/2020
The School Nurse Files,South Korea,Sci-Fi & Fantasy,9/25/2020
More Than Friends,South Korea,Drama,9/25/2020
Renascence,China,Drama,9/22/2020
18 Again,South Korea,Sci-Fi & Fantasy,9/21/2020
Zombie Detective,South Korea,Mystery,9/21/2020
Homemade Love Story,South Korea,Drama,9/19/2020
The Long Night,China,Crime,9/16/2020
Oh! My Sweet Liar!,China,Drama,9/16/2020
Dating in the Kitchen,China,Drama,9/15/2020
LEGO Monkie Kid,China,Comedy,9/13/2020
The Promise of Changâ€™An,China,Drama,9/10/2020
Marry Me,China,Comedy,9/9/2020
Record of Youth,South Korea,Drama,9/7/2020
To Dear Myself,China,Drama,9/7/2020
Lie After Lie,South Korea,Crime,9/4/2020
Love Revolution,South Korea,Drama,9/1/2020
Do You Like Brahms?,South Korea,Drama,8/31/2020
Missing: The Other Side,South Korea,Sci-Fi & Fantasy,8/29/2020
ALICE,South Korea,Sci-Fi & Fantasy,8/28/2020
God of Lost Fantasy,China,Sci-Fi & Fantasy,8/27/2020
Maiden Holmes,China,Action & Adventure,8/27/2020
My Unicorn Girl,China,Drama,8/23/2020
Goedam,South Korea,Mystery,8/20/2020
My Strange Friend,China,Sci-Fi & Fantasy,8/19/2020
Crimson River,China,Crime,8/18/2020
Love Yourself,China,Drama,8/18/2020
Twenty-Twenty,South Korea,Drama,8/15/2020
SF8,South Korea,Sci-Fi & Fantasy,8/14/2020
The Heiress,China,Drama,8/13/2020
Dear Herbal Lord,China,,8/10/2020
Love and Redemption,China,Sci-Fi & Fantasy,8/6/2020
Lovely Us,China,Family,7/31/2020
Kiss Goblin,South Korea,Drama,7/30/2020
Flower of Evil,South Korea,Mystery,7/29/2020
Heroes,China,Action & Adventure,7/28/2020
In a Class of Her Own,China,Drama,7/23/2020
Nothing But Thirty,China,Drama,7/17/2020
Swing to the Sky,China,,7/15/2020
Twenty Your Life On,China,Drama,7/14/2020
Train,South Korea,Sci-Fi & Fantasy,7/11/2020
Graceful Friends,South Korea,Crime,7/10/2020
Dance of the Sky Empire,China,Sci-Fi & Fantasy,7/8/2020
Was It Love?,South Korea,Drama,7/8/2020
The Good Detective,South Korea,Drama,7/6/2020
To All The Guys Who Loved Me,South Korea,Comedy,7/6/2020
The Underclass,Thailand,Drama,7/5/2020
Hook,Thailand,Drama,7/4/2020
Into The Ring,South Korea,Comedy,7/1/2020
The Song of Glory,China,Drama,7/1/2020
Count Your Lucky Stars,China,Comedy,6/30/2020
It's Okay to Not Be Okay,South Korea,Sci-Fi & Fantasy,6/20/2020
Backstreet Rookie,South Korea,Comedy,6/19/2020
Love a Lifetime,China,Sci-Fi & Fantasy,6/18/2020
The Bad Kids,China,Crime,6/16/2020
Oops! The King is in Love,China,,6/15/2020
The Eight,China,,6/12/2020
Love in Between,China,Action & Adventure,6/8/2020
The Little Nyonya,China,Drama,6/5/2020
Kidnapping Game,China,,6/2/2020
My Unfamiliar Family,South Korea,Drama,6/1/2020
And the Winner Is Love,China,Action & Adventure,5/28/2020
Get Married or Not,China,,5/26/2020
Dinner Mate,South Korea,Drama,5/25/2020
Sweet Munchies,South Korea,Drama,5/25/2020
Mystic Pop-up Bar,South Korea,Comedy,5/20/2020
Love Designer,China,Drama,5/19/2020
The Romance of Tiger and Rose,China,,5/18/2020
"My Love, Enlighten Me",China,,5/13/2020
Autumn Cicada,China,Drama,5/4/2020
Intense Love,China,,5/2/2020
Beautiful Reborn Flower,China,Drama,5/1/2020
Extracurricular,South Korea,Drama,4/29/2020
Good Casting,South Korea,Comedy,4/27/2020
When My Love Blooms,South Korea,Drama,4/25/2020
Legend of Awakening,China,,4/23/2020
My Husband in Law,Thailand,Family,4/21/2020
The Chang'an Youth,China,Drama,4/20/2020
Born Again,South Korea,Drama,4/20/2020
The King: Eternal Monarch,South Korea,Sci-Fi & Fantasy,4/17/2020
The Best of You in My Mind,China,Drama,4/10/2020
How to Buy a Friend,South Korea,Action & Adventure,4/6/2020
Girlfriend,China,Drama,4/4/2020
Candle in the Tomb: The Lost Caverns,China,Action & Adventure,4/1/2020
As Long as You Love Me,China,Drama,3/30/2020
Once Again,South Korea,Family,3/28/2020
Rugal,South Korea,Crime,3/28/2020
The World of the Married,South Korea,Drama,3/27/2020
"Meow, the Secret Boy",South Korea,Comedy,3/25/2020
My Roommate is a Detective,China,Comedy,3/24/2020
365: Repeat the Year,South Korea,Mystery,3/23/2020
A Piece of Your Mind,South Korea,Drama,3/23/2020
J-Style Trip,Taiwan,Reality,3/21/2020
Winter Begonia,China,Drama,3/20/2020
Buddi,China,Kids,3/20/2020
Love of Thousand Years,China,Action & Adventure,3/19/2020
Skate Into Love,China,Drama,3/19/2020
Find Me in Your Memory,South Korea,Drama,3/18/2020
Hospital Playlist,South Korea,Drama,3/12/2020
Memorist,South Korea,Mystery,3/11/2020
Customer First,China,Drama,3/9/2020
Nobody Knows,South Korea,Drama,3/2/2020
Perfect Partner,China,Drama,2/28/2020
My Lonely Planet,China,Drama,2/26/2020
When the Weather is Fine,South Korea,Drama,2/24/2020
"Hi Bye, Mama!",South Korea,Comedy,2/22/2020
Hyena,South Korea,Drama,2/21/2020
I Will Find You a Better Home,China,Drama,2/21/2020
Wait in Beijing,China,Drama,2/21/2020
The Love Lasts Two Minds,China,Drama,2/20/2020
Mysterious Planet,France,Documentary,2/20/2020
Everyone Wants To Meet You,China,Drama,2/16/2020
The Cursed,South Korea,Drama,2/10/2020
My Holo Love,South Korea,Drama,2/7/2020
Tell Me What You Saw,South Korea,Drama,2/1/2020
Itaewon Class,South Korea,Drama,1/31/2020
The Great Ruler,China,Drama,1/30/2020
Forest,South Korea,Drama,1/29/2020
Find Yourself,China,Drama,1/26/2020
XX,South Korea,Drama,1/24/2020
The Game: Towards Zero,South Korea,Crime,1/22/2020
Money Game,South Korea,Drama,1/15/2020
Fairyland Lovers,China,Comedy,1/6/2020
Touch,South Korea,Drama,1/3/2020
Detective Chinatown,China,Drama,1/1/2020
Yanxi Palace: Princess Adventures,China,Drama,12/31/2019
Under the Power,China,Drama,12/28/2019
Sweet Tai Chi,China,Drama,12/25/2019
The Untamed: Special Edition,China,Drama,12/25/2019
Diary of a Prosecutor,South Korea,"Mystery, Law, Life, Drama",12/16/2019
Dreaming Back to the Qing Dynasty,China,Drama,12/14/2019
Crash Landing on You,South Korea,Drama,12/14/2019
Stove League,South Korea,Drama,12/13/2019
Sword Dynasty,China,Drama,12/6/2019
Woman of 9.9 Billion,South Korea,Drama,12/4/2019
Chocolate,South Korea,Drama,11/29/2019
Love with Flaws,South Korea,Comedy,11/27/2019
Joy of Life,China,Drama,11/26/2019
Psychopath Diary,South Korea,Action & Adventure,11/20/2019
The Stranded,Thailand,Action & Adventure,11/15/2019
Once Upon a Time in Lingjian Mountain,China,Action & Adventure,11/12/2019
Royal Nirvana,China,Drama,11/12/2019
Flavour It's Yours,China,Comedy,11/7/2019
Sleepless Society: Insomnia,Thailand,,11/6/2019
Voice à¸ªà¸±à¸¡à¸œà¸±à¸ªà¹€à¸ªà¸µà¸¢à¸‡à¸¡à¸£à¸“à¸°,Thailand,Crime,11/4/2019
FAILing in Love,South Korea,Drama,11/2/2019
Blossom in Heart,China,Drama,10/24/2019
Catch The Ghost,South Korea,Comedy,10/21/2019
The Lies Within,South Korea,Mystery,10/12/2019
All I Want for Love is You,China,Drama,10/10/2019
My Country: The New Age,South Korea,Action & Adventure,10/4/2019
Extraordinary You,South Korea,Action & Adventure,10/2/2019
The Tale of Nokdu,South Korea,Comedy,9/30/2019
Melting Me Softly,South Korea,Mystery,9/28/2019
Lucky's First Love,China,Comedy,9/25/2019
Miss Lee,South Korea,Drama,9/25/2019
Vagabond,South Korea,Drama,9/20/2019
Pegasus Market,South Korea,Drama,9/20/2019
The Running Mates: Human Rights,South Korea,Drama,9/18/2019
Secret Boutique,South Korea,Drama,9/18/2019
When the Camellia Blooms,South Korea,Drama,9/18/2019
Flower Crew: Joseon Marriage Agency,South Korea,Comedy,9/16/2019
Blacklist,Thailand,,9/8/2019
The Charming Stepmom,Thailand,Family,9/4/2019
Strangers From Hell,South Korea,Mystery,8/31/2019
The Great Show,South Korea,Drama,8/26/2019
Love Alarm,South Korea,Drama,8/22/2019
Graceful Family,South Korea,Family,8/21/2019
Love Under the Moon,China,Family,8/20/2019
My Girlfriend is an Alien,China,Comedy,8/19/2019
Be Melodramatic,South Korea,Comedy,8/9/2019
Arsenal Military Academy,China,Drama,8/6/2019
I Wanna Hear Your Song,South Korea,Crime,8/5/2019
Welcome 2 Life,South Korea,Family,8/5/2019
When the Devil Calls Your Name,South Korea,Comedy,7/31/2019
The King's Avatar,China,Action & Adventure,7/24/2019
At Eighteen,South Korea,Drama,7/22/2019
Another Me,China,,7/22/2019
Golden Garden,South Korea,Mystery,7/20/2019
Doctor John,South Korea,Drama,7/19/2019
Justice,South Korea,Drama,7/17/2019
Rookie Historian Goo Hae-Ryung,South Korea,Drama,7/17/2019
Class of Lies,South Korea,Crime,7/17/2019
Doctor Detective,South Korea,Mystery,7/17/2019
Love and Destiny,China,Drama,7/15/2019
Hotel Del Luna,South Korea,Sci-Fi & Fantasy,7/13/2019
Level Up,South Korea,Comedy,7/10/2019
Go Go Squid!,China,Comedy,7/9/2019
WATCHER,South Korea,Drama,7/6/2019
Love Better Than Immortality,China,Action & Adventure,7/5/2019
Love Affairs in the Afternoon,South Korea,Drama,7/5/2019
Designated Survivor: 60 Days,South Korea,Drama,7/1/2019
The Untamed,China,Drama,6/27/2019
Deep in My Heart,China,Drama,6/19/2019
Chief of Staff,South Korea,Drama,6/14/2019
Unrequited Love,China,Drama,6/10/2019
The Lost Tomb 2: Explore With the Note,China,Drama,6/6/2019
Search: WWW,South Korea,Drama,6/5/2019
Perfume,South Korea,Comedy,6/3/2019
Arthdal Chronicles,South Korea,Drama,6/1/2019
Legend of the Phoenix,China,,5/28/2019
The Wind Blows,South Korea,Drama,5/27/2019
Angel's Last Mission: Love,South Korea,Drama,5/22/2019
One Spring Night,South Korea,Drama,5/22/2019
My Absolute Boyfriend,South Korea,Comedy,5/15/2019
Shall We Chicken,South Korea,Reality,5/12/2019
Sleepless Society NYCTOPHOBIA,Thailand,Drama,5/8/2019
The Thunder,China,Drama,5/7/2019
The Secret Life of My Secretary,South Korea,Comedy,5/6/2019
Listening Snow Tower,China,Drama,5/6/2019
Abyss,South Korea,Sci-Fi & Fantasy,5/6/2019
Different Dreams,South Korea,Action & Adventure,5/4/2019
Le Coup de Foudre,China,,4/29/2019
The Nokdu Flower,South Korea,Drama,4/26/2019
My First First Love,South Korea,Drama,4/18/2019
Persona,South Korea,Drama,4/11/2019
Put Your Head on My Shoulder,China,Drama,4/10/2019
Her Private Life,South Korea,Comedy,4/10/2019
Beautiful World,South Korea,Family,4/5/2019
The Legend of White Snake,China,Drama,4/3/2019
My Fellow Citizens,South Korea,Crime,4/1/2019
The Brightest Star in the Sky,China,Comedy,3/25/2019
My Poseidon,China,Drama,3/24/2019
Kill It,South Korea,Drama,3/23/2019
Confession,South Korea,Mystery,3/23/2019
Doctor Prisoner,South Korea,Drama,3/20/2019
Prison Life of Fools,South Korea,Comedy,3/16/2019
Cupid of Chou Dynasty,China,,3/15/2019
He Is Psychometric,South Korea,Comedy,3/11/2019
Big Issue,South Korea,Drama,3/6/2019
Possessed,South Korea,Mystery,3/6/2019
Heavenly Sword and Dragon Slaying Sabre,China,Drama,2/27/2019
The Golden Eyes,China,Action & Adventure,2/26/2019
Love in Sadness,South Korea,Drama,2/23/2019
The Fiery Priest,South Korea,Comedy,2/15/2019
Good Bye My Princess,China,Drama,2/14/2019
Haechi,South Korea,Drama,2/11/2019
The Light in Your Eyes,South Korea,Drama,2/11/2019
Queen Dugu,China,Drama,2/11/2019
Flavorful Origins,China,Documentary,2/11/2019
Item,South Korea,Crime,2/11/2019
Trap,South Korea,Drama,2/9/2019
Legal High,South Korea,Comedy,2/8/2019
Touch Your Heart,South Korea,Comedy,2/6/2019
Babel,South Korea,Drama,1/30/2019
The Legends,China,Action & Adventure,1/28/2019
I Hear You,China,Drama,1/28/2019
Romance is a Bonus Book,South Korea,Comedy,1/26/2019
Kingdom,South Korea,Drama,1/25/2019
Spring Turns to Spring,South Korea,Drama,1/23/2019
Candle In The Tomb: The Wrath Of Time,China,Action & Adventure,1/21/2019
The Legend of Hao Lan,China,Drama,1/19/2019
Well-Intended Love,China,Drama,1/17/2019
Liver or Die,South Korea,Comedy,1/9/2019
I Will Never Let You Go,China,Drama,1/8/2019
The Crowned Clown,South Korea,Drama,1/7/2019
Behind the Scenes,China,Drama,1/5/2019
The Story of Ming Lan,China,Drama,12/25/2018
Original Sin,China,Crime,12/20/2018
My Strange Hero,South Korea,Comedy,12/10/2018
Less than Evil,South Korea,Drama,12/3/2018
Memories of the Alhambra,South Korea,Action & Adventure,12/1/2018
Encounter,South Korea,Drama,11/28/2018
Hymn of Death,South Korea,Drama,11/27/2018
Clean with Passion for Now,South Korea,Comedy,11/26/2018
The Fan,South Korea,Reality,11/24/2018
SKY Castle,South Korea,Comedy,11/23/2018
The Last Empress,South Korea,Drama,11/21/2018
Children of Nobody,South Korea,Drama,11/21/2018
The Battle of Stars,Thailand,,11/19/2018
"Top Star, Yoo Baek",South Korea,Comedy,11/16/2018
Bangkok Love Stories 2: Innocence,Thailand,Drama,11/13/2018
Dynasties,China,Documentary,11/11/2018
Never Gone,China,Drama,11/6/2018
It's My Life,South Korea,Drama,11/5/2018
Mama Fairy and the Woodcutter,South Korea,Comedy,11/5/2018
Ever Night,China,Action & Adventure,10/31/2018
Top Management,South Korea,Drama,10/30/2018
The Sound of Your Heart: Reboot,South Korea,Comedy,10/29/2018
Tang Dynasty Tour,China,,10/29/2018
Screechers Wild!,China,Action,10/28/2018
Girl from Nowhere,Thailand,Drama,10/27/2018
Twelve Nights,South Korea,Drama,10/12/2018
"Jang Geum, Oh My Grandma",South Korea,Drama,10/11/2018
YG Future Strategy Office,South Korea,Comedy,10/5/2018
The Smile Has Left Your Eyes,South Korea,Mystery,10/3/2018
Bad Papa,South Korea,Drama,10/1/2018
Where Stars Land,South Korea,Drama,10/1/2018
The Beauty Inside,South Korea,Drama,10/1/2018
Player,South Korea,Crime,9/29/2018
The Third Charm,South Korea,Drama,9/28/2018
"My Secret, Terrius",South Korea,Mystery,9/27/2018
Heart Surgeons,South Korea,Drama,9/27/2018
I'm a Pet At Dali Temple,China,Drama,9/25/2018
Oh My Ghost,Thailand,Comedy,9/24/2018
Xia Gan Yi Dan Shen Jianxin,China,Animation,9/21/2018
All Out of Love,China,Drama,9/17/2018
Age of Legends,China,Drama,9/17/2018
My Only One,South Korea,Drama,9/15/2018
In Family We Trust,Thailand,Crime,9/14/2018
The Guest,South Korea,Mystery,9/12/2018
100 Days My Prince,South Korea,Comedy,9/10/2018
Big Forest,South Korea,Drama,9/7/2018
Devilish Joy,South Korea,Comedy,9/5/2018
The Ghost Detective,South Korea,Action & Adventure,9/5/2018
Battle Through the Heaven,China,Sci-Fi & Fantasy,9/3/2018
Eagles and Youngster,China,Drama,8/30/2018
Hide and Seek,South Korea,Drama,8/25/2018
Ruyi's Royal Love in the Palace,China,Drama,8/20/2018
The Rise of Phoenixes,China,Drama,8/14/2018
Lovely Horribly,South Korea,Comedy,8/13/2018
Accidentally In Love,China,Drama,8/8/2018
Martial Universe,China,Drama,8/7/2018
The Gifted,Thailand,Drama,8/5/2018
Ashes of Love,China,Drama,8/2/2018
Familiar Wife,South Korea,Drama,8/1/2018
A-TEEN,South Korea,Comedy,8/1/2018
My ID is Gangnam Beauty,South Korea,Comedy,7/27/2018
Your Honor,South Korea,Drama,7/25/2018
Time,South Korea,Drama,7/25/2018
Witch's Love,South Korea,Sci-Fi & Fantasy,7/25/2018
Risky Romance,South Korea,Comedy,7/23/2018
Still 17,South Korea,Drama,7/23/2018
Sweet Combat,China,Comedy,7/23/2018
Life,South Korea,Drama,7/23/2018
Story of Yanxi Palace,China,Drama,7/19/2018
My Girl,Thailand,,7/16/2018
Let Me Introduce Her,South Korea,Drama,7/14/2018
Waiting For You In A Long Time,China,Drama,7/13/2018
Meteor Garden,China,Comedy,7/9/2018
Mr. Sunshine,South Korea,Drama,7/7/2018
Your House Helper,South Korea,Comedy,7/4/2018
The Great Escape,South Korea,Comedy,7/1/2018
Sweet Dreams,China,Drama,6/25/2018
Secrets and Lies,South Korea,Drama,6/25/2018
Legend of Yun Xi,China,,6/25/2018
Legend of Fuyao,China,Sci-Fi & Fantasy,6/18/2018
Guardian,China,Crime,6/13/2018
Hello Dear Ancestors,China,,6/13/2018
Life on Mars,South Korea,Comedy,6/9/2018
What's Wrong with Secretary Kim,South Korea,Comedy,6/6/2018
Are You Human?,South Korea,Sci-Fi & Fantasy,6/4/2018
Monkey Twins,Thailand,Action & Adventure,6/2/2018
Just Want to See You Smile,China,Drama,5/29/2018
Goodbye to Goodbye,South Korea,Drama,5/26/2018
Sketch,South Korea,Mystery,5/25/2018
The Undateables,South Korea,Drama,5/23/2018
About Time,South Korea,Drama,5/21/2018
Miss Hammurabi,South Korea,Drama,5/21/2018
Partners for Justice,South Korea,Drama,5/14/2018
The Way We Were,China,,5/14/2018
Lawless Lawyer,South Korea,Crime,5/12/2018
"Rich Man, Poor Woman",South Korea,Comedy,5/9/2018
You Drive Me Crazy,South Korea,Comedy,5/7/2018
Wok of Love,South Korea,Drama,5/7/2018
Busted!,South Korea,Comedy,5/4/2018
Here to Heart,China,Drama,4/30/2018
EXIT,South Korea,Action & Adventure,4/30/2018
Mistress,South Korea,Drama,4/28/2018
Oh! My Emperor,China,Comedy,4/25/2018
Scissor Seven,China,Comedy,4/25/2018
Suits,South Korea,Drama,4/25/2018
Suddenly This Summer,China,Drama,4/19/2018
Love's Lies,China,Action & Adventure,4/18/2018
Frankenstein Family,China,Animation,4/9/2018
Something in the Rain,South Korea,Drama,3/30/2018
BTS: Burn the Stage,South Korea,Documentary,3/28/2018
Switch,South Korea,Drama,3/28/2018
A Poem A Day,South Korea,Drama,3/26/2018
Youth,China,Drama,3/21/2018
My Mister,South Korea,Drama,3/21/2018
Marry Me Now,South Korea,Drama,3/17/2018
Tempted,South Korea,Drama,3/12/2018
Live,South Korea,Drama,3/10/2018
Evergreen,South Korea,Drama,3/5/2018
Grand Prince,South Korea,Drama,3/3/2018
The Good Witch,South Korea,Family,3/3/2018
"My Husband, Mr. Oh!",South Korea,Drama,3/3/2018
Siege in Fog,China,Drama,3/2/2018
The Legend of Dugu,China,Drama,2/21/2018
Love Destiny,Thailand,Drama,2/21/2018
Should We Kiss First,South Korea,Drama,2/20/2018
Short,South Korea,Drama,2/12/2018
Welcome to Waikiki,South Korea,Drama,2/5/2018
Misty,South Korea,Drama,2/2/2018
Cross,South Korea,Crime,1/29/2018
Radio Romance,South Korea,Drama,1/29/2018
Mother,South Korea,Drama,1/24/2018
Return,South Korea,Mystery,1/17/2018
Pretty Man,China,Family,1/15/2018
Blackpink House,South Korea,Comedy,1/7/2018
A Korean Odyssey,South Korea,Comedy,12/23/2017
The Kite,China,Mystery,12/17/2017
Bad Guys: Vile City,South Korea,Crime,12/16/2017
Just Between Lovers,South Korea,Drama,12/11/2017
Part-Time Idol,South Korea,Drama,12/10/2017
Black Knight,South Korea,Drama,12/6/2017
Die Now,China,Sci-Fi & Fantasy,12/6/2017
I Am Not a Robot,South Korea,Comedy,12/6/2017
Love of Aurora,China,Drama,11/27/2017
Two Cops,South Korea,Comedy,11/27/2017
Untouchable,South Korea,Action & Adventure,11/24/2017
Prison Playbook,South Korea,Comedy,11/22/2017
Money Flower,South Korea,Drama,11/11/2017
A Love So Beautiful,China,Drama,11/9/2017
My Huckleberry Friends,China,Drama,11/8/2017
Rule the World,China,Drama,10/30/2017
Sweet Revenge,South Korea,Drama,10/27/2017
Oh My General,China,Comedy,10/25/2017
Black,South Korea,Sci-Fi & Fantasy,10/14/2017
Revolutionary Love,South Korea,Comedy,10/14/2017
Go Back Couple,South Korea,Comedy,10/13/2017
The Package,South Korea,Drama,10/13/2017
Mad Dog,South Korea,Crime,10/11/2017
Avengers Social Club,South Korea,Drama,10/11/2017
20th Century Boy and Girl,South Korea,Comedy,10/9/2017
Witch's Court,South Korea,Crime,10/9/2017
Because This Is My First Life,South Korea,Comedy,10/9/2017
While You Were Sleeping,South Korea,Sci-Fi & Fantasy,9/27/2017
Temperature of Love,South Korea,Comedy,9/18/2017
Girls' Generation 1979,South Korea,Drama,9/11/2017
Argon,South Korea,Drama,9/4/2017
Man Who Sets The Table,South Korea,Comedy,9/2/2017
My Golden Life,South Korea,Drama,9/2/2017
Day And Night,China,Drama,8/30/2017
Nothing Gold Can Stay,China,Drama,8/30/2017
Hospital Ship,South Korea,Drama,8/30/2017
Blind Date,China,Drama,8/15/2017
Love Actually,China,Drama,8/15/2017
The King's Woman,China,Drama,8/14/2017
Live Up To Your Name,South Korea,Drama,8/12/2017
Manhole,South Korea,Drama,8/9/2017
Save Me,South Korea,Crime,8/5/2017
Strongest Deliveryman,South Korea,Drama,8/4/2017
Criminal Minds,South Korea,Crime,7/26/2017
Falsify,South Korea,Drama,7/24/2017
Tientsin Mystic,China,Drama,7/19/2017
Man Who Dies to Live,South Korea,Comedy,7/19/2017
Reunited Worlds,South Korea,Drama,7/19/2017
School 2017,South Korea,Drama,7/17/2017
The King in Love,South Korea,Drama,7/17/2017
Lost Love in Times,China,Action & Adventure,7/13/2017
The Eternal Love,China,Comedy,7/10/2017
The Bride of Habaek,South Korea,Drama,7/3/2017
Begin Again,South Korea,Reality,6/25/2017
Hyori's Bed and Breakfast,South Korea,Reality,6/25/2017
The Advisors Alliance,China,Drama,6/22/2017
Woman of Dignity,South Korea,Drama,6/16/2017
Magic,Thailand,Action & Adventure,6/12/2017
Stranger,South Korea,Crime,6/10/2017
Princess Agents,China,Drama,6/5/2017
Duel,South Korea,Crime,6/3/2017
The Best Hit,South Korea,Drama,6/2/2017
Queen For Seven Days,South Korea,Drama,5/31/2017
My Sassy Girl,South Korea,Comedy,5/29/2017
Lovers in Bloom,South Korea,Family,5/29/2017
Fight For My Way,South Korea,Comedy,5/22/2017
Lookout,South Korea,Action & Adventure,5/22/2017
Circle,South Korea,Mystery,5/22/2017
The Good Thieves,South Korea,Crime,5/13/2017
Suspicious Partner,South Korea,Comedy,5/10/2017
Individualist Ms. Ji Young,South Korea,Comedy,5/8/2017
Unknown Woman,South Korea,Drama,4/24/2017
Man to Man,South Korea,Action & Adventure,4/21/2017
Fighter of the Destiny,China,Drama,4/17/2017
Surgeons,China,Drama,4/17/2017
Heirs,China,Drama,4/14/2017
Chicago Typewriter,South Korea,Sci-Fi & Fantasy,4/7/2017
Queen of Mystery,South Korea,Comedy,4/5/2017
Across the Ocean to See You,China,Drama,4/2/2017
In the Name of People,China,Drama,3/28/2017
Whisper,South Korea,Crime,3/27/2017
Tunnel,South Korea,Crime,3/25/2017
The Liar and His Lover,South Korea,Comedy,3/20/2017
Radiant Office,South Korea,Comedy,3/15/2017
Queen of the Ring,South Korea,"Comedy, Romance, Drama, Fantasy",3/9/2017
My Father is Strange,South Korea,Comedy,3/4/2017
Because of You,China,Drama,3/2/2017
Strong Woman Do Bong Soon,South Korea,Comedy,2/24/2017
Tomorrow with You,South Korea,Drama,2/3/2017
Eternal Love,China,Drama,1/30/2017
The Rebel,South Korea,Drama,1/30/2017
Saimdang: Soulmates Across Time,South Korea,Drama,1/26/2017
Star of the Universe,South Korea,Drama,1/26/2017
Chief Kim,South Korea,Comedy,1/25/2017
Defendant,South Korea,Crime,1/23/2017
Missing Nine,South Korea,Comedy,1/18/2017
Introverted Boss,South Korea,Comedy,1/16/2017
Voice,South Korea,Crime,1/14/2017
Magic Star,China,Drama,1/3/2017
General and I,China,Drama,1/2/2017
Pretty Li Hui Zhen,China,Comedy,1/2/2017
Candle in the Tomb,China,Action & Adventure,12/19/2016
Hwarang: The Poet Warrior Youth,South Korea,Drama,12/19/2016
Solomon's Perjury,South Korea,Mystery,12/16/2016
Stay with Me,China,,12/11/2016
Seven First Kisses,South Korea,Comedy,12/5/2016
Zak Storm,Indonesia,Action & Adventure,12/2/2016
Goblin,South Korea,Drama,12/2/2016
Weightlifting Fairy Kim Bok-Joo,South Korea,Comedy,11/16/2016
Oh My Geum Bi,South Korea,Family,11/16/2016
The Legend of the Blue Sea,South Korea,Comedy,11/16/2016
The Princess Weiyoung,China,Drama,11/11/2016
The Sound of Your Heart,South Korea,Comedy,11/7/2016
Dr. Romantic,South Korea,Drama,11/7/2016
Entourage,South Korea,Comedy,11/4/2016
My Wife's Having an Affair This Week,South Korea,Drama,10/28/2016
Memory Lost,China,Crime,10/24/2016
When a Snail Falls in Love,China,Crime,10/24/2016
Something About 1%,South Korea,Comedy,10/5/2016
"I Like You, You Know?",China,Drama,9/29/2016
Rookie Agent Rouge,China,Action & Adventure,9/27/2016
The K2,South Korea,Action & Adventure,9/23/2016
Fantastic,South Korea,Comedy,9/2/2016
Scarlet Heart: Ryeo,South Korea,Action & Adventure,8/29/2016
The Gentlemen of Wolgyesu Tailor Shop,South Korea,Drama,8/27/2016
Jealousy Incarnate,South Korea,Comedy,8/24/2016
Love O2O,China,Drama,8/22/2016
Love in the Moonlight,South Korea,Comedy,8/22/2016
SOTUS The Series,Thailand,Drama,8/20/2016
Cinderella and Four Knights,South Korea,Comedy,8/12/2016
Second To Last Love,South Korea,Comedy,7/30/2016
Ice Fantasy,China,Drama,7/24/2016
"Hello, My Twenties!",South Korea,Drama,7/22/2016
Novoland: The Castle in the Sky,China,Drama,7/20/2016
W: Two Worlds,South Korea,Drama,7/20/2016
The Haunted House,South Korea,Mystery,7/20/2016
"Bring It On, Ghost",South Korea,Action & Adventure,7/11/2016
The Good Wife,South Korea,Crime,7/8/2016
Uncontrollably Fond,South Korea,Drama,7/6/2016
Touching You,South Korea,Comedy,7/4/2016
The Mystic Nine,China,Mystery,7/4/2016
Wanted,South Korea,Action & Adventure,6/22/2016
Beautiful Mind,South Korea,Drama,6/20/2016
Doctors,South Korea,Drama,6/20/2016
Squad 38,South Korea,Crime,6/17/2016
Baek Hee Has Returned,South Korea,Drama,6/6/2016
Lucky Romance,South Korea,Comedy,5/25/2016
The Interpreter,China,Drama,5/24/2016
Dear Fair Lady Kong Shim,South Korea,Comedy,5/14/2016
Dear My Friends,South Korea,Comedy,5/13/2016
Secret Healer,South Korea,Sci-Fi & Fantasy,5/13/2016
First Love,China,Drama,5/9/2016
Another Miss Oh,South Korea,Comedy,5/2/2016
Entertainer,South Korea,Comedy,4/20/2016
Ode to Joy,China,Drama,4/18/2016
Dramaworld,China,Drama,4/17/2016
With You,China,Drama,4/8/2016
Monster,South Korea,Drama,3/28/2016
Jackpot,South Korea,Drama,3/28/2016
Page Turner,South Korea,Drama,3/26/2016
Ms. Temper & Nam Jung Gi,South Korea,Comedy,3/18/2016
Memory,South Korea,Drama,3/18/2016
Goodbye Mr. Black,South Korea,Drama,3/16/2016
Nightmare Teacher,South Korea,Mystery,3/14/2016
Pied Piper,South Korea,Action & Adventure,3/7/2016
Marriage Contract,South Korea,Drama,3/5/2016
Descendants of the Sun,South Korea,Action & Adventure,2/24/2016
"Please Come Back, Mister",South Korea,Comedy,2/24/2016
Five Enough,South Korea,Family,2/20/2016
The Promise,South Korea,Crime,2/1/2016
Addicted Heroin,China,Drama,1/29/2016
Neighborhoodâ€™s Hero,South Korea,Action,1/23/2016
Signal,South Korea,Crime,1/22/2016
One More Happy Ending,South Korea,Comedy,1/20/2016
Moorim School,South Korea,Action,1/11/2016
Cheese in the Trap,South Korea,Comedy,1/4/2016
Remember,South Korea,Drama,12/9/2015
Imaginary Cat,South Korea,Comedy,11/24/2015
Sweet Savage Family,South Korea,Family,11/18/2015
Oh My Venus,South Korea,Comedy,11/16/2015
Reply 1988,South Korea,Comedy,11/6/2015
Missing Korea,South Korea,Comedy,11/3/2015
Falling for Challenge,South Korea,Comedy,10/26/2015
Love Me If You Dare,China,Comedy,10/15/2015
The Village: Achiara's Secret,South Korea,Mystery,10/7/2015
Cheer Up!,South Korea,Drama,10/5/2015
Six Flying Dragons,South Korea,Drama,10/5/2015
Kiss Me,Thailand,Comedy,10/5/2015
The Legend of Zu,China,Drama,9/22/2015
Nirvana in Fire,China,Drama,9/19/2015
She Was Pretty,South Korea,Comedy,9/16/2015
"Noble, My Love",South Korea,Comedy,8/23/2015
Yong Pal,South Korea,Drama,8/5/2015
Last,South Korea,Action,7/24/2015
Diamond Lover,China,Comedy,7/22/2015
Assembly,South Korea,Drama,7/15/2015
The Scholar Who Walks the Night,South Korea,Drama,7/8/2015
I Order You,South Korea,Comedy,7/6/2015
Oh My Ghost,South Korea,Comedy,7/3/2015
I Remember You,South Korea,Comedy,6/22/2015
Hidden Identity,South Korea,Action,6/16/2015
The Journey of Flower,China,Sci-Fi & Fantasy,6/9/2015
High Society,South Korea,Family,6/8/2015
My Love Eun Dong,South Korea,Romance,5/29/2015
Mask,South Korea,Drama,5/27/2015
The Producers,South Korea,Comedy,5/15/2015
Orange Marmalade,South Korea,Romance,5/15/2015
Warm and Cozy,South Korea,Comedy,5/13/2015
Ex-Girlfriend Club,South Korea,Comedy,5/8/2015
In the Silence,China,Drama,4/28/2015
Who Are You: School 2015,South Korea,Drama,4/27/2015
EXO Next Door,South Korea,Comedy,4/9/2015
Beating Again,South Korea,Drama,4/3/2015
Missing Noir M,South Korea,Action,3/28/2015
Angry Mom,South Korea,Comedy,3/18/2015
Super Wings!,South Korea,Animation,3/14/2015
Heard It Through the Grapevine,South Korea,Comedy,2/23/2015
Blood,South Korea,Fantasy,2/16/2015
"Hyde, Jekyll, Me",South Korea,Comedy,1/21/2015
My Sunshine,China,Drama,1/10/2015
Spy,South Korea,Drama,1/9/2015
"Kill Me, Heal Me",South Korea,Comedy,1/7/2015
The Family Is Coming,South Korea,Comedy,1/3/2015
Punch,South Korea,Drama,12/15/2014
Healer,South Korea,Comedy,12/8/2014
Pinocchio,South Korea,Drama,11/12/2014
ThirtTEEN Terrors,Thailand,Drama,11/8/2014
Birth of a Beauty,South Korea,Comedy,11/1/2014
Pride and Prejudice,South Korea,Drama,10/27/2014
Liar Game,South Korea,Mystery,10/20/2014
Modern Farmer,South Korea,Comedy,10/18/2014
Incomplete Life,South Korea,Comedy,10/17/2014
Bad Guys,South Korea,Crime,10/4/2014
Momo Salon,South Korea,Comedy,9/2/2014
Reset,South Korea,Drama,8/24/2014
The Three Musketeers,South Korea,Action & Adventure,8/17/2014
The Night Watchman,South Korea,Action & Adventure,8/4/2014
"It's Okay, That's Love",South Korea,Comedy,7/23/2014
Temptation,South Korea,Drama,7/14/2014
High School - Love On,South Korea,Sci-Fi & Fantasy,7/11/2014
Boss & Me,China,Comedy,7/8/2014
"Marriage, Not Dating",South Korea,Comedy,7/4/2014
Fated to Love You,South Korea,Comedy,7/2/2014
Wild Heart,Thailand,Soap,6/25/2014
Trot Lovers,South Korea,Comedy,6/23/2014
High School King of Savvy,South Korea,Comedy,6/16/2014
Crime Scene,South Korea,"Mystery, Comedy",5/10/2014
You Are All Surrounded,South Korea,Action & Adventure,5/7/2014
Doctor Stranger,South Korea,Drama,5/5/2014
Roommate,South Korea,Comedy,5/4/2014
A New Leaf,South Korea,Drama,4/30/2014
Gap Dong,South Korea,Mystery,4/11/2014
Secret Love Affair,South Korea,Drama,3/17/2014
Three Days,South Korea,Action & Adventure,3/5/2014
God's Gift - 14 Days,South Korea,Drama,3/3/2014
Cunning Single Lady,South Korea,Comedy,2/27/2014
Ghost-Seeing Detective Cheo-Yong,South Korea,Action,2/9/2014
Emergency Couple,South Korea,Comedy,1/24/2014
Full House,Thailand,Soap,1/11/2014
Aftermath,South Korea,Mystery,1/6/2014
My Love From Another Star,South Korea,Comedy,12/18/2013
Husband,Thailand,Soap,11/21/2013
Bel Ami,South Korea,Comedy,11/20/2013
Empress Ki,South Korea,Drama,10/28/2013
Basketball,South Korea,Drama,10/21/2013
Reply 1994,South Korea,Comedy,10/18/2013
The Heirs,South Korea,Comedy,10/9/2013
The Sixth Sense 2,Thailand,Soap,9/29/2013
Secret Love,South Korea,Drama,9/25/2013
The Suspicious Housekeeper,South Korea,Mystery,9/23/2013
Prince of Lan Ling,China,Drama,8/14/2013
Two Weeks,South Korea,Action & Adventure,8/7/2013
Master's Sun,South Korea,Sci-Fi & Fantasy,8/7/2013
Good Doctor,South Korea,Drama,8/5/2013
I Hear Your Voice,South Korea,Comedy,6/5/2013
Don't Look Back: The Legend of Orpheus,South Korea,Drama,5/27/2013
Heartless City,South Korea,Action & Adventure,5/27/2013
The Genius,South Korea,Reality,4/26/2013
The Fugitive of Joseon,South Korea,Drama,4/24/2013
Crazy Love,South Korea,Romance,4/8/2013
Gu Family Book,South Korea,Action & Adventure,4/8/2013
Nine: Nine Time Travels,South Korea,Drama,3/11/2013
"That Winter, The Wind Blows",South Korea,Drama,2/13/2013
Swordsman,China,Drama,2/6/2013
Flower Boy Next Door,South Korea,Comedy,1/7/2013
Legend of Chu and Han,China,Documentary,12/28/2012
School 2013,South Korea,Drama,12/3/2012
Can We Get Married?,South Korea,Comedy,10/29/2012
The King's Doctor,South Korea,History,10/1/2012
The Innocent Man,South Korea,Drama,9/12/2012
Five Fingers,South Korea,Drama,8/18/2012
To the Beautiful You,South Korea,Comedy,8/15/2012
The Great Doctor,South Korea,Action & Adventure,8/13/2012
Big,South Korea,Comedy,6/4/2012
Ghost,South Korea,Mystery,5/30/2012
"I Do, I Do",South Korea,Comedy,5/30/2012
The Chaser,South Korea,Action,5/28/2012
A Gentleman's Dignity,South Korea,Comedy,5/26/2012
Goodbye Dear Wife,South Korea,Romance,5/7/2012
Queen In Hyun's Man,South Korea,Sci-Fi & Fantasy,4/18/2012
Love Rain,South Korea,Drama,3/26/2012
Rooftop Prince,South Korea,Drama,3/21/2012
Operation Proposal,South Korea,Comedy,2/8/2012
Arpo: The Robot for All Kids,United States of America,Animation,2/7/2012
Shut Up: Flower Boy Band,South Korea,Drama,1/30/2012
The Moon Embracing the Sun,South Korea,Drama,1/4/2012
Special Affairs Team TEN,South Korea,Crime,11/18/2011
Flower Boy Ramen Shop,South Korea,Drama,10/31/2011
Glory Jane,South Korea,Comedy,10/12/2011
Tree with Deep Roots,South Korea,Drama,10/5/2011
Symphony of Fate,China,Romance,10/3/2011
Poseidon,South Korea,Action & Adventure,9/19/2011
Scarlet Heart,China,Action & Adventure,9/10/2011
Birdie Buddy,South Korea,Drama,8/8/2011
Protect the Boss,South Korea,Comedy,8/3/2011
"Gye Baek, Warriorâ€™s Fate",South Korea,Drama,7/23/2011
The Princess' Man,South Korea,Drama,7/20/2011
Warrior Baek Dong Soo,South Korea,Action & Adventure,7/4/2011
Heartstrings,South Korea,Comedy,6/29/2011
Miss Ripley,South Korea,Drama,5/30/2011
City Hunter,South Korea,Action & Adventure,5/25/2011
Lie to Me,South Korea,Comedy,5/9/2011
The Greatest Love,South Korea,Comedy,5/4/2011
49 Days,South Korea,Drama,3/16/2011
Royal Family,South Korea,Drama,3/2/2011
My Princess,South Korea,Comedy,1/5/2011
Dream High,South Korea,Drama,1/3/2011
President,South Korea,Drama,12/15/2010
Athena: Goddess of War,South Korea,Action,12/13/2010
Secret Garden,South Korea,Comedy,11/13/2010
Mischievous Kiss,South Korea,Comedy,11/2/2010
Home Sweet Home,South Korea,Mystery,10/27/2010
God's Quiz,South Korea,Mystery,10/8/2010
Sungkyunkwan Scandal,South Korea,Comedy,8/30/2010
My Girlfriend is a Gumiho,South Korea,Comedy,8/11/2010
Gloria,South Korea,Drama,7/31/2010
Guardians of the Power Masks,United States of America,Animation,7/22/2010
Running Man,South Korea,Reality,7/11/2010
Giant,South Korea,Drama,5/10/2010
Personal Taste,South Korea,Comedy,3/31/2010
Prosecutor Princess,South Korea,Drama,3/31/2010
Oh! My Lady,South Korea,Drama,3/22/2010
Dong Yi,South Korea,Drama,3/22/2010
The Slave Hunters,South Korea,Action & Adventure,1/6/2010
Pasta,South Korea,Comedy,1/4/2010
The Myth,China,Action & Adventure,1/2/2010
Invincible Lee Pyung Kang,South Korea,Comedy,11/9/2009
Iris,South Korea,Action & Adventure,10/14/2009
You're Beautiful,South Korea,Comedy,10/7/2009
Style,South Korea,Drama,8/1/2009
Partner,South Korea,Drama,6/24/2009
Shining Inheritance,South Korea,Comedy,4/25/2009
Princess Ja Myung,South Korea,Drama,3/10/2009
Cain and Abel,South Korea,Action & Adventure,2/18/2009
Boys Over Flowers,South Korea,Comedy,1/5/2009
White Lies,South Korea,Family,12/1/2008
Band of Brothers,South Korea,Reality,10/25/2008
Fight,South Korea,Action & Adventure,10/24/2008
The Legend of Bruce Lee,China,Action & Adventure,10/4/2008
Painter of the Wind,South Korea,Drama,9/24/2008
Beethoven Virus,South Korea,Drama,9/10/2008
East of Eden,South Korea,Action & Adventure,8/26/2008
Love Marriage,South Korea,Drama,8/25/2008
The Legend of the Condor Heroes,China,Drama,7/19/2008
Women of the Sun,South Korea,Drama,5/28/2008
Spotlight,South Korea,Drama,5/14/2008
We Got Married,South Korea,Reality,3/16/2008
The Legend,South Korea,Drama,9/11/2007
Super Why!,Canada,Animation,9/3/2007
Legend of Hyang Dan,South Korea,Comedy,9/3/2007
I am Your Teacher,South Korea,Drama,8/6/2007
Coffee Prince,South Korea,Comedy,7/2/2007
Thank You,South Korea,Drama,3/21/2007
The Lucifer,South Korea,Drama,3/21/2007
H.I.T,South Korea,Action,3/19/2007
Lovers,South Korea,Drama,11/8/2006
Coma,South Korea,Mystery,7/21/2006
One Fine Day,South Korea,Drama,5/31/2006
The Return of the Condor Heroes,China,Drama,3/17/2006
Princess Hours,South Korea,Comedy,1/11/2006
My Girl,South Korea,Comedy,12/14/2005
Chinese Paladin,China,Sci-Fi & Fantasy,1/24/2005
"I'm Sorry, I Love You",South Korea,Drama,11/8/2004
Magic,South Korea,Drama,8/28/2004
Full House,South Korea,Drama,7/14/2004
Phoenix,South Korea,Drama,4/5/2004
Sweet 18,South Korea,Drama,1/19/2004
Stairway to Heaven,South Korea,Drama,12/3/2003
X-Man,South Korea,Comedy,11/8/2003
All In,South Korea,Drama,1/15/2003
We Are Dating Now,South Korea,Drama,1/16/2002
Winter Sonata,South Korea,Drama,1/14/2002
Sunshine,South Korea,Romance,1/2/2002
Secret,South Korea,Drama,9/13/2000
Love Story,South Korea,Drama,12/1/1999
Happy Together,South Korea,Drama,6/16/1999
School,South Korea,Drama,2/22/1999
Little Bear,Canada,Adventure,11/6/1995
Marco Polo,China,Drama,12/5/1982
Bomi Ona Bom,South Korea,Fantasy,21-Mar-19
The Best Day of My Life,China,Drama,N/A
Romance Beyond Romance,China,Drama,N/A
Lovely Swords Girl,China,,N/A
Fall in Love Again,China,Drama,N/A
Dog Knows Everything,South Korea,Comedy,31-Oct-24
Her Lovers,China,Drama,N/A
Beauty Strategy,China,Drama,N/A
Detective Chinatown 2,China,Drama,N/A
My Military Valentine,South Korea,Drama,12-Jul-24
